Geo_FIPS,Geo_QName,Geo_STUSAB,Geo_SUMLEV,Geo_GEOCOMP,Geo_US,Geo_REGION,Geo_DIVISION,Geo_STATE,Geo_COUNTY,Geo_COUSUB,Geo_PLACE,Geo_TRACT,Geo_BLKGRP,Geo_CONCIT,Geo_AIANHH,Geo_AIANHHFP,Geo_AIHHTLI,Geo_AITS,Geo_ANRC,Geo_CBSA,Geo_CSA,Geo_METDIV,Geo_MACC,Geo_MEMI,Geo_NECTA,Geo_CNECTA,Geo_NECTADIV,Geo_UA,Geo_CDCURR,Geo_SLDU,Geo_SLDL,Geo_ZCTA3,Geo_ZCTA5,Geo_SUBMCD,Geo_SDELM,Geo_SDSEC,Geo_SDUNI,Geo_UR,Geo_PCI,Geo_PUMA5,Geo_GEO_ID,Geo_NAME,Geo_BTTR,Geo_BTBG,Geo_PLACESE,SE_A04001_001,SE_A04001_002,SE_A04001_003,SE_A04001_004,SE_A04001_005,SE_A04001_006,SE_A04001_007,SE_A04001_008,SE_A04001_009,SE_A04001_010,SE_A04001_011,SE_A04001_012,SE_A04001_013,SE_A04001_014,SE_A04001_015,SE_A04001_016,SE_A04001_017,PCT_SE_A04001_002,PCT_SE_A04001_003,PCT_SE_A04001_004,PCT_SE_A04001_005,PCT_SE_A04001_006,PCT_SE_A04001_007,PCT_SE_A04001_008,PCT_SE_A04001_009,PCT_SE_A04001_010,PCT_SE_A04001_011,PCT_SE_A04001_012,PCT_SE_A04001_013,PCT_SE_A04001_014,PCT_SE_A04001_015,PCT_SE_A04001_016,PCT_SE_A04001_017
"06075010101","Census Tract 101.01, San Francisco County, California","ca","140","00",,,,"06","075",,,"010101",,,,,,,,,,,,,,".",".",,,,,,,,,,,,,,"1400000US06075010101","Census Tract 101.01",,,,2004,1668,770,132,52,608,0,47,59,336,65,0,15,0,46,102,108,83.23,38.42,6.59,2.59,30.34,0,2.35,2.94,16.77,3.24,0,0.75,0,2.3,5.09,5.39
"06075010102","Census Tract 101.02, San Francisco County, California","ca","140","00",,,,"06","075",,,"010102",,,,,,,,,,,,,,".",".",,,,,,,,,,,,,,"1400000US06075010102","Census Tract 101.02",,,,1795,1702,554,322,0,766,16,0,44,93,8,0,0,0,0,76,9,94.82,30.86,17.94,0,42.67,0.89,0,2.45,5.18,0.45,0,0,0,0,4.23,0.5
"06075010201","Census Tract 102.01, San Francisco County, California","ca","140","00",,,,"06","075",,,"010201",,,,,,,,,,,,,,".",".",,,,,,,,,,,,,,"1400000US06075010201","Census Tract 102.01",,,,2608,2297,1762,134,0,206,0,0,195,311,31,0,0,0,0,18,262,88.08,67.56,5.14,0,7.9,0,0,7.48,11.92,1.19,0,0,0,0,0.69,10.05
"06075010202","Census Tract 102.02, San Francisco County, California","ca","140","00",,,,"06","075",,,"010202",,,,,,,,,,,,,,".",".",,,,,,,,,,,,,,"1400000US06075010202","Census Tract 102.02",,,,1761,1706,1179,58,0,284,27,38,120,55,0,0,0,0,0,48,7,96.88,66.95,3.29,0,16.13,1.53,2.16,6.81,3.12,0,0,0,0,0,2.73,0.4
"06075010300","Census Tract 103, San Francisco County, California","ca","140","00",,,,"06","075",,,"010300",,,,,,,,,,,,,,".",".",,,,,,,,,,,,,,"1400000US06075010300","Census Tract 103",,,,3791,3338,2258,0,0,949,0,28,103,453,55,0,76,0,0,0,322,88.05,59.56,0,0,25.03,0,0.74,2.72,11.95,1.45,0,2,0,0,0,8.49
"06075010401","Census Tract 104.01, San Francisco County, California","ca","140","00",,,,"06","075",,,"010401",,,,,,,,,,,,,,".",".",,,,,,,,,,,,,,"1400000US06075010401","Census Tract 104.01",,,,2393,1909,1290,11,0,477,0,0,131,484,25,0,1,0,0,73,385,79.77,53.91,0.46,0,19.93,0,0,5.47,20.23,1.04,0,0.04,0,0,3.05,16.09
"06075010402","Census Tract 104.02, San Francisco County, California","ca","140","00",,,,"06","075",,,"010402",,,,,,,,,,,,,,".",".",,,,,,,,,,,,,,"1400000US06075010402","Census Tract 104.02",,,,2012,1852,1130,9,0,527,0,15,171,160,106,0,0,0,0,9,45,92.05,56.16,0.45,0,26.19,0,0.75,8.5,7.95,5.27,0,0,0,0,0.45,2.24
"06075010500","Census Tract 105, San Francisco County, California","ca","140","00",,,,"06","075",,,"010500",,,,,,,,,,,,,,".",".",,,,,,,,,,,,,,"1400000US06075010500","Census Tract 105",,,,3177,3120,1352,39,0,1606,0,0,123,57,24,0,0,0,0,23,10,98.21,42.56,1.23,0,50.55,0,0,3.87,1.79,0.76,0,0,0,0,0.72,0.31
"06075010600","Census Tract 106, San Francisco County, California","ca","140","00",,,,"06","075",,,"010600",,,,,,,,,,,,,,".",".",,,,,,,,,,,,,,"1400000US06075010600","Census Tract 106",,,,3293,2876,893,100,0,1647,0,11,225,417,132,0,13,0,0,51,221,87.34,27.12,3.04,0,50.02,0,0.33,6.83,12.66,4.01,0,0.39,0,0,1.55,6.71
"06075010701","Census Tract 107.01, San Francisco County, California","ca","140","00",,,,"06","075",,,"010701",,,,,,,,,,,,,,".",".",,,,,,,,,,,,,,"1400000US06075010701","Census Tract 107.01",,,,3280,3248,160,0,0,3039,0,10,39,32,32,0,0,0,0,0,0,99.02,4.88,0,0,92.65,0,0.3,1.19,0.98,0.98,0,0,0,0,0,0
"06075010702","Census Tract 107.02, San Francisco County, California","ca","140","00",,,,"06","075",,,"010702",,,,,,,,,,,,,,".",".",,,,,,,,,,,,,,"1400000US06075010702","Census Tract 107.02",,,,1380,1137,348,0,0,692,0,0,97,243,9,0,37,0,0,197,0,82.39,25.22,0,0,50.14,0,0,7.03,17.61,0.65,0,2.68,0,0,14.28,0
"06075010800","Census Tract 108, San Francisco County, California","ca","140","00",,,,"06","075",,,"010800",,,,,,,,,,,,,,".",".",,,,,,,,,,,,,,"1400000US06075010800","Census Tract 108",,,,4334,4114,2012,377,0,1416,0,97,212,220,77,0,0,0,0,104,39,94.92,46.42,8.7,0,32.67,0,2.24,4.89,5.08,1.78,0,0,0,0,2.4,0.9
"06075010901","Census Tract 109.01, San Francisco County, California","ca","140","00",,,,"06","075",,,"010901",,,,,,,,,,,,,,".",".",,,,,,,,,,,,,,"1400000US06075010901","Census Tract 109.01",,,,2069,1732,1234,9,0,364,0,25,100,337,166,0,27,0,0,0,144,83.71,59.64,0.43,0,17.59,0,1.21,4.83,16.29,8.02,0,1.3,0,0,0,6.96
"06075010902","Census Tract 109.02, San Francisco County, California","ca","140","00",,,,"06","075",,,"010902",,,,,,,,,,,,,,".",".",,,,,,,,,,,,,,"1400000US06075010902","Census Tract 109.02",,,,2568,2158,1591,0,0,407,0,0,160,410,132,0,0,0,0,96,182,84.03,61.95,0,0,15.85,0,0,6.23,15.97,5.14,0,0,0,0,3.74,7.09
"06075011001","Census Tract 110.01, San Francisco County, California","ca","140","00",,,,"06","075",,,"011001",,,,,,,,,,,,,,".",".",,,,,,,,,,,,,,"1400000US06075011001","Census Tract 110.01",,,,2327,2271,1468,0,0,781,0,12,10,56,23,0,0,0,0,33,0,97.59,63.09,0,0,33.56,0,0.52,0.43,2.41,0.99,0,0,0,0,1.42,0
"06075011002","Census Tract 110.02, San Francisco County, California","ca","140","00",,,,"06","075",,,"011002",,,,,,,,,,,,,,".",".",,,,,,,,,,,,,,"1400000US06075011002","Census Tract 110.02",,,,1755,1491,686,0,0,695,0,0,110,264,39,0,0,0,0,122,103,84.96,39.09,0,0,39.6,0,0,6.27,15.04,2.22,0,0,0,0,6.95,5.87
"06075011101","Census Tract 111.01, San Francisco County, California","ca","140","00",,,,"06","075",,,"011101",,,,,,,,,,,,,,".",".",,,,,,,,,,,,,,"1400000US06075011101","Census Tract 111.01",,,,2470,2230,1100,76,0,967,0,0,87,240,136,0,0,0,0,18,86,90.28,44.53,3.08,0,39.15,0,0,3.52,9.72,5.51,0,0,0,0,0.73,3.48
"06075011102","Census Tract 111.02, San Francisco County, California","ca","140","00",,,,"06","075",,,"011102",,,,,,,,,,,,,,".",".",,,,,,,,,,,,,,"1400000US06075011102","Census Tract 111.02",,,,2205,1960,715,244,0,894,0,0,107,245,16,0,5,0,0,203,21,88.89,32.43,11.07,0,40.54,0,0,4.85,11.11,0.73,0,0.23,0,0,9.21,0.95
"06075011200","Census Tract 112, San Francisco County, California","ca","140","00",,,,"06","075",,,"011200",,,,,,,,,,,,,,".",".",,,,,,,,,,,,,,"1400000US06075011200","Census Tract 112",,,,2678,2621,1348,50,0,974,0,55,194,57,34,0,0,0,0,0,23,97.87,50.34,1.87,0,36.37,0,2.05,7.24,2.13,1.27,0,0,0,0,0,0.86
"06075011300","Census Tract 113, San Francisco County, California","ca","140","00",,,,"06","075",,,"011300",,,,,,,,,,,,,,".",".",,,,,,,,,,,,,,"1400000US06075011300","Census Tract 113",,,,2518,2418,488,48,0,1795,0,0,87,100,75,0,0,2,0,13,10,96.03,19.38,1.91,0,71.29,0,0,3.46,3.97,2.98,0,0,0.08,0,0.52,0.4
"06075011700","Census Tract 117, San Francisco County, California","ca","140","00",,,,"06","075",,,"011700",,,,,,,,,,,,,,".",".",,,,,,,,,,,,,,"1400000US06075011700","Census Tract 117",,,,1947,1659,825,57,0,633,0,3,141,288,16,0,0,0,0,143,129,85.21,42.37,2.93,0,32.51,0,0.15,7.24,14.79,0.82,0,0,0,0,7.34,6.63
"06075011800","Census Tract 118, San Francisco County, California","ca","140","00",,,,"06","075",,,"011800",,,,,,,,,,,,,,".",".",,,,,,,,,,,,,,"1400000US06075011800","Census Tract 118",,,,1635,1599,122,30,0,1373,0,0,74,36,14,0,0,0,0,6,16,97.8,7.46,1.83,0,83.98,0,0,4.53,2.2,0.86,0,0,0,0,0.37,0.98
"06075011901","Census Tract 119.01, San Francisco County, California","ca","140","00",,,,"06","075",,,"011901",,,,,,,,,,,,,,".",".",,,,,,,,,,,,,,"1400000US06075011901","Census Tract 119.01",,,,2084,1703,846,57,0,645,11,9,135,381,96,0,0,0,0,231,54,81.72,40.6,2.74,0,30.95,0.53,0.43,6.48,18.28,4.61,0,0,0,0,11.08,2.59
"06075011902","Census Tract 119.02, San Francisco County, California","ca","140","00",,,,"06","075",,,"011902",,,,,,,,,,,,,,".",".",,,,,,,,,,,,,,"1400000US06075011902","Census Tract 119.02",,,,2732,2361,1138,69,0,975,0,51,128,371,66,0,9,0,0,282,14,86.42,41.65,2.53,0,35.69,0,1.87,4.69,13.58,2.42,0,0.33,0,0,10.32,0.51
"06075012001","Census Tract 120.01, San Francisco County, California","ca","140","00",,,,"06","075",,,"012001",,,,,,,,,,,,,,".",".",,,,,,,,,,,,,,"1400000US06075012001","Census Tract 120.01",,,,1738,1478,660,12,0,330,0,187,289,260,5,0,0,0,0,70,185,85.04,37.97,0.69,0,18.99,0,10.76,16.63,14.96,0.29,0,0,0,0,4.03,10.64
"06075012002","Census Tract 120.02, San Francisco County, California","ca","140","00",,,,"06","075",,,"012002",,,,,,,,,,,,,,".",".",,,,,,,,,,,,,,"1400000US06075012002","Census Tract 120.02",,,,2035,1489,529,143,0,692,0,0,125,546,123,14,0,11,0,201,197,73.17,26,7.03,0,34,0,0,6.14,26.83,6.04,0.69,0,0.54,0,9.88,9.68
"06075012100","Census Tract 121, San Francisco County, California","ca","140","00",,,,"06","075",,,"012100",,,,,,,,,,,,,,".",".",,,,,,,,,,,,,,"1400000US06075012100","Census Tract 121",,,,3250,2643,1425,37,0,935,0,5,241,607,201,38,2,0,0,249,117,81.32,43.85,1.14,0,28.77,0,0.15,7.42,18.68,6.18,1.17,0.06,0,0,7.66,3.6
"06075012202","Census Tract 122.02, San Francisco County, California","ca","140","00",,,,"06","075",,,"012202",,,,,,,,,,,,,,".",".",,,,,,,,,,,,,,"1400000US06075012202","Census Tract 122.02",,,,3017,2484,1104,407,64,765,0,7,137,533,74,0,18,0,0,372,69,82.33,36.59,13.49,2.12,25.36,0,0.23,4.54,17.67,2.45,0,0.6,0,0,12.33,2.29
"06075012203","Census Tract 122.03, San Francisco County, California","ca","140","00",,,,"06","075",,,"012203",,,,,,,,,,,,,,".",".",,,,,,,,,,,,,,"1400000US06075012203","Census Tract 122.03",,,,1895,1613,1075,138,9,341,0,32,18,282,75,0,82,0,0,0,125,85.12,56.73,7.28,0.47,17.99,0,1.69,0.95,14.88,3.96,0,4.33,0,0,0,6.6
"06075012204","Census Tract 122.04, San Francisco County, California","ca","140","00",,,,"06","075",,,"012204",,,,,,,,,,,,,,".",".",,,,,,,,,,,,,,"1400000US06075012204","Census Tract 122.04",,,,2389,1940,1003,0,0,734,0,0,203,449,134,0,18,0,0,56,241,81.21,41.98,0,0,30.72,0,0,8.5,18.79,5.61,0,0.75,0,0,2.34,10.09
"06075012301","Census Tract 123.01, San Francisco County, California","ca","140","00",,,,"06","075",,,"012301",,,,,,,,,,,,,,".",".",,,,,,,,,,,,,,"1400000US06075012301","Census Tract 123.01",,,,1766,1396,657,196,0,456,0,31,56,370,49,26,21,0,27,219,28,79.05,37.2,11.1,0,25.82,0,1.76,3.17,20.95,2.77,1.47,1.19,0,1.53,12.4,1.59
"06075012302","Census Tract 123.02, San Francisco County, California","ca","140","00",,,,"06","075",,,"012302",,,,,,,,,,,,,,".",".",,,,,,,,,,,,,,"1400000US06075012302","Census Tract 123.02",,,,2586,2155,1064,189,25,718,0,62,97,431,95,0,35,0,0,160,141,83.33,41.14,7.31,0.97,27.76,0,2.4,3.75,16.67,3.67,0,1.35,0,0,6.19,5.45
"06075012403","Census Tract 124.03, San Francisco County, California","ca","140","00",,,,"06","075",,,"012403",,,,,,,,,,,,,,".",".",,,,,,,,,,,,,,"1400000US06075012403","Census Tract 124.03",,,,2696,1916,254,74,0,1418,0,137,33,780,0,0,38,17,0,442,283,71.07,9.42,2.74,0,52.6,0,5.08,1.22,28.93,0,0,1.41,0.63,0,16.39,10.5
"06075012404","Census Tract 124.04, San Francisco County, California","ca","140","00",,,,"06","075",,,"012404",,,,,,,,,,,,,,".",".",,,,,,,,,,,,,,"1400000US06075012404","Census Tract 124.04",,,,2587,1590,783,127,0,602,0,0,78,997,140,58,94,60,0,630,15,61.46,30.27,4.91,0,23.27,0,0,3.02,38.54,5.41,2.24,3.63,2.32,0,24.35,0.58
"06075012405","Census Tract 124.05, San Francisco County, California","ca","140","00",,,,"06","075",,,"012405",,,,,,,,,,,,,,".",".",,,,,,,,,,,,,,"1400000US06075012405","Census Tract 124.05",,,,3878,3031,1337,614,0,715,0,0,365,847,107,0,82,0,0,94,564,78.16,34.48,15.83,0,18.44,0,0,9.41,21.84,2.76,0,2.11,0,0,2.42,14.54
"06075012406","Census Tract 124.06, San Francisco County, California","ca","140","00",,,,"06","075",,,"012406",,,,,,,,,,,,,,".",".",,,,,,,,,,,,,,"1400000US06075012406","Census Tract 124.06",,,,1358,1085,509,111,0,437,0,17,11,273,13,0,0,0,0,214,46,79.9,37.48,8.17,0,32.18,0,1.25,0.81,20.1,0.96,0,0,0,0,15.76,3.39
"06075012502","Census Tract 125.02, San Francisco County, California","ca","140","00",,,,"06","075",,,"012502",,,,,,,,,,,,,,".",".",,,,,,,,,,,,,,"1400000US06075012502","Census Tract 125.02",,,,4689,3214,888,491,382,1349,0,13,91,1475,45,35,4,0,0,1038,353,68.54,18.94,10.47,8.15,28.77,0,0.28,1.94,31.46,0.96,0.75,0.09,0,0,22.14,7.53
"06075012503","Census Tract 125.03, San Francisco County, California","ca","140","00",,,,"06","075",,,"012503",,,,,,,,,,,,,,".",".",,,,,,,,,,,,,,"1400000US06075012503","Census Tract 125.03",,,,4497,3071,1031,450,0,1549,0,0,41,1426,101,0,121,36,0,880,288,68.29,22.93,10.01,0,34.45,0,0,0.91,31.71,2.25,0,2.69,0.8,0,19.57,6.4
"06075012504","Census Tract 125.04, San Francisco County, California","ca","140","00",,,,"06","075",,,"012504",,,,,,,,,,,,,,".",".",,,,,,,,,,,,,,"1400000US06075012504","Census Tract 125.04",,,,651,459,49,69,30,295,0,0,16,192,0,0,0,0,0,6,186,70.51,7.53,10.6,4.61,45.31,0,0,2.46,29.49,0,0,0,0,0,0.92,28.57
"06075012601","Census Tract 126.01, San Francisco County, California","ca","140","00",,,,"06","075",,,"012601",,,,,,,,,,,,,,".",".",,,,,,,,,,,,,,"1400000US06075012601","Census Tract 126.01",,,,2045,1863,1370,0,0,236,0,0,257,182,55,0,0,54,0,8,65,91.1,66.99,0,0,11.54,0,0,12.57,8.9,2.69,0,0,2.64,0,0.39,3.18
"06075012602","Census Tract 126.02, San Francisco County, California","ca","140","00",,,,"06","075",,,"012602",,,,,,,,,,,,,,".",".",,,,,,,,,,,,,,"1400000US06075012602","Census Tract 126.02",,,,2956,2823,2304,0,0,258,0,12,249,133,44,0,0,0,0,37,52,95.5,77.94,0,0,8.73,0,0.41,8.42,4.5,1.49,0,0,0,0,1.25,1.76
"06075012700","Census Tract 127, San Francisco County, California","ca","140","00",,,,"06","075",,,"012700",,,,,,,,,,,,,,".",".",,,,,,,,,,,,,,"1400000US06075012700","Census Tract 127",,,,3973,3661,3180,47,0,228,0,0,206,312,54,0,0,0,0,62,196,92.15,80.04,1.18,0,5.74,0,0,5.18,7.85,1.36,0,0,0,0,1.56,4.93
"06075012801","Census Tract 128.01, San Francisco County, California","ca","140","00",,,,"06","075",,,"012801",,,,,,,,,,,,,,".",".",,,,,,,,,,,,,,"1400000US06075012801","Census Tract 128.01",,,,2547,2138,1817,20,0,235,18,18,30,409,64,0,0,0,0,25,320,83.94,71.34,0.79,0,9.23,0.71,0.71,1.18,16.06,2.51,0,0,0,0,0.98,12.56
"06075012802","Census Tract 128.02, San Francisco County, California","ca","140","00",,,,"06","075",,,"012802",,,,,,,,,,,,,,".",".",,,,,,,,,,,,,,"1400000US06075012802","Census Tract 128.02",,,,2035,1677,1433,5,0,184,0,0,55,358,10,0,0,0,0,63,285,82.41,70.42,0.25,0,9.04,0,0,2.7,17.59,0.49,0,0,0,0,3.1,14
"06075012901","Census Tract 129.01, San Francisco County, California","ca","140","00",,,,"06","075",,,"012901",,,,,,,,,,,,,,".",".",,,,,,,,,,,,,,"1400000US06075012901","Census Tract 129.01",,,,2887,2581,1928,1,0,498,0,0,154,306,88,0,1,0,0,32,185,89.4,66.78,0.03,0,17.25,0,0,5.33,10.6,3.05,0,0.03,0,0,1.11,6.41
"06075012902","Census Tract 129.02, San Francisco County, California","ca","140","00",,,,"06","075",,,"012902",,,,,,,,,,,,,,".",".",,,,,,,,,,,,,,"1400000US06075012902","Census Tract 129.02",,,,2735,2488,1908,32,0,402,82,0,64,247,61,0,0,0,0,120,66,90.97,69.76,1.17,0,14.7,3,0,2.34,9.03,2.23,0,0,0,0,4.39,2.41
"06075013001","Census Tract 130.01, San Francisco County, California","ca","140","00",,,,"06","075",,,"013001",,,,,,,,,,,,,,".",".",,,,,,,,,,,,,,"1400000US06075013001","Census Tract 130.01",,,,1770,1665,1435,13,3,166,0,0,48,105,22,0,0,15,0,52,16,94.07,81.07,0.73,0.17,9.38,0,0,2.71,5.93,1.24,0,0,0.85,0,2.94,0.9
"06075013002","Census Tract 130.02, San Francisco County, California","ca","140","00",,,,"06","075",,,"013002",,,,,,,,,,,,,,".",".",,,,,,,,,,,,,,"1400000US06075013002","Census Tract 130.02",,,,2785,2600,1896,0,54,374,0,0,276,185,67,0,0,0,0,0,118,93.36,68.08,0,1.94,13.43,0,0,9.91,6.64,2.41,0,0,0,0,0,4.24
"06075013101","Census Tract 131.01, San Francisco County, California","ca","140","00",,,,"06","075",,,"013101",,,,,,,,,,,,,,".",".",,,,,,,,,,,,,,"1400000US06075013101","Census Tract 131.01",,,,3935,3763,2568,64,0,992,0,0,139,172,16,0,0,0,0,26,130,95.63,65.26,1.63,0,25.21,0,0,3.53,4.37,0.41,0,0,0,0,0.66,3.3
"06075013102","Census Tract 131.02, San Francisco County, California","ca","140","00",,,,"06","075",,,"013102",,,,,,,,,,,,,,".",".",,,,,,,,,,,,,,"1400000US06075013102","Census Tract 131.02",,,,2725,2338,1778,73,0,351,0,0,136,387,183,0,0,0,0,84,120,85.8,65.25,2.68,0,12.88,0,0,4.99,14.2,6.72,0,0,0,0,3.08,4.4
"06075013200","Census Tract 132, San Francisco County, California","ca","140","00",,,,"06","075",,,"013200",,,,,,,,,,,,,,".",".",,,,,,,,,,,,,,"1400000US06075013200","Census Tract 132",,,,3721,3506,2376,1,0,794,0,27,308,215,104,0,0,0,0,0,111,94.22,63.85,0.03,0,21.34,0,0.73,8.28,5.78,2.79,0,0,0,0,0,2.98
"06075013300","Census Tract 133, San Francisco County, California","ca","140","00",,,,"06","075",,,"013300",,,,,,,,,,,,,,".",".",,,,,,,,,,,,,,"1400000US06075013300","Census Tract 133",,,,4160,3895,2835,39,0,812,0,0,209,265,81,0,0,0,0,38,146,93.63,68.15,0.94,0,19.52,0,0,5.02,6.37,1.95,0,0,0,0,0.91,3.51
"06075013401","Census Tract 134.01, San Francisco County, California","ca","140","00",,,,"06","075",,,"013401",,,,,,,,,,,,,,".",".",,,,,,,,,,,,,,"1400000US06075013401","Census Tract 134.01",,,,1456,1292,884,4,4,131,0,22,247,164,122,0,0,0,0,9,33,88.74,60.71,0.27,0.27,9,0,1.51,16.96,11.26,8.38,0,0,0,0,0.62,2.27
"06075013402","Census Tract 134.02, San Francisco County, California","ca","140","00",,,,"06","075",,,"013402",,,,,,,,,,,,,,".",".",,,,,,,,,,,,,,"1400000US06075013402","Census Tract 134.02",,,,2302,2167,1549,115,3,398,0,0,102,135,60,0,0,0,0,45,30,94.14,67.29,5,0.13,17.29,0,0,4.43,5.86,2.61,0,0,0,0,1.95,1.3
"06075013500","Census Tract 135, San Francisco County, California","ca","140","00",,,,"06","075",,,"013500",,,,,,,,,,,,,,".",".",,,,,,,,,,,,,,"1400000US06075013500","Census Tract 135",,,,2544,2197,1856,10,0,237,0,0,94,347,155,0,0,26,0,15,151,86.36,72.96,0.39,0,9.32,0,0,3.69,13.64,6.09,0,0,1.02,0,0.59,5.94
"06075015100","Census Tract 151, San Francisco County, California","ca","140","00",,,,"06","075",,,"015100",,,,,,,,,,,,,,".",".",,,,,,,,,,,,,,"1400000US06075015100","Census Tract 151",,,,2840,2673,1312,118,6,1070,0,16,151,167,94,0,0,0,0,9,64,94.12,46.2,4.15,0.21,37.68,0,0.56,5.32,5.88,3.31,0,0,0,0,0.32,2.25
"06075015201","Census Tract 152.01, San Francisco County, California","ca","140","00",,,,"06","075",,,"015201",,,,,,,,,,,,,,".",".",,,,,,,,,,,,,,"1400000US06075015201","Census Tract 152.01",,,,1532,1441,840,84,0,419,0,0,98,91,80,0,0,0,0,0,11,94.06,54.83,5.48,0,27.35,0,0,6.4,5.94,5.22,0,0,0,0,0,0.72
"06075015202","Census Tract 152.02, San Francisco County, California","ca","140","00",,,,"06","075",,,"015202",,,,,,,,,,,,,,".",".",,,,,,,,,,,,,,"1400000US06075015202","Census Tract 152.02",,,,2334,2217,1161,441,0,506,0,0,109,117,26,0,0,0,0,23,68,94.99,49.74,18.89,0,21.68,0,0,4.67,5.01,1.11,0,0,0,0,0.99,2.91
"06075015300","Census Tract 153, San Francisco County, California","ca","140","00",,,,"06","075",,,"015300",,,,,,,,,,,,,,".",".",,,,,,,,,,,,,,"1400000US06075015300","Census Tract 153",,,,2427,2125,1525,163,0,298,0,0,139,302,80,0,20,0,0,39,163,87.56,62.83,6.72,0,12.28,0,0,5.73,12.44,3.3,0,0.82,0,0,1.61,6.72
"06075015401","Census Tract 154.01, San Francisco County, California","ca","140","00",,,,"06","075",,,"015401",,,,,,,,,,,,,,".",".",,,,,,,,,,,,,,"1400000US06075015401","Census Tract 154.01",,,,3035,2770,1568,24,0,1008,0,29,141,265,66,0,0,0,0,88,111,91.27,51.66,0.79,0,33.21,0,0.96,4.65,8.73,2.17,0,0,0,0,2.9,3.66
"06075015402","Census Tract 154.02, San Francisco County, California","ca","140","00",,,,"06","075",,,"015402",,,,,,,,,,,,,,".",".",,,,,,,,,,,,,,"1400000US06075015402","Census Tract 154.02",,,,2747,2259,1669,0,0,450,0,0,140,488,149,0,0,22,0,125,192,82.24,60.76,0,0,16.38,0,0,5.1,17.76,5.42,0,0,0.8,0,4.55,6.99
"06075015500","Census Tract 155, San Francisco County, California","ca","140","00",,,,"06","075",,,"015500",,,,,,,,,,,,,,".",".",,,,,,,,,,,,,,"1400000US06075015500","Census Tract 155",,,,3936,3236,1570,156,7,1296,0,51,156,700,218,0,0,0,0,256,226,82.22,39.89,3.96,0.18,32.93,0,1.3,3.96,17.78,5.54,0,0,0,0,6.5,5.74
"06075015600","Census Tract 156, San Francisco County, California","ca","140","00",,,,"06","075",,,"015600",,,,,,,,,,,,,,".",".",,,,,,,,,,,,,,"1400000US06075015600","Census Tract 156",,,,2927,2694,1115,142,36,1135,0,0,266,233,80,0,0,0,0,68,85,92.04,38.09,4.85,1.23,38.78,0,0,9.09,7.96,2.73,0,0,0,0,2.32,2.9
"06075015701","Census Tract 157.01, San Francisco County, California","ca","140","00",,,,"06","075",,,"015701",,,,,,,,,,,,,,".",".",,,,,,,,,,,,,,"1400000US06075015701","Census Tract 157.01",,,,4958,4262,2163,93,0,1601,0,0,405,696,152,26,8,98,0,264,148,85.96,43.63,1.88,0,32.29,0,0,8.17,14.04,3.07,0.52,0.16,1.98,0,5.32,2.99
"06075015702","Census Tract 157.02, San Francisco County, California","ca","140","00",,,,"06","075",,,"015702",,,,,,,,,,,,,,".",".",,,,,,,,,,,,,,"1400000US06075015702","Census Tract 157.02",,,,3109,2750,1683,17,0,405,0,461,184,359,95,12,0,0,0,136,116,88.45,54.13,0.55,0,13.03,0,14.83,5.92,11.55,3.06,0.39,0,0,0,4.37,3.73
"06075015801","Census Tract 158.01, San Francisco County, California","ca","140","00",,,,"06","075",,,"015801",,,,,,,,,,,,,,".",".",,,,,,,,,,,,,,"1400000US06075015801","Census Tract 158.01",,,,3220,3008,1333,782,0,709,0,0,184,212,37,0,0,0,0,98,77,93.42,41.4,24.29,0,22.02,0,0,5.71,6.58,1.15,0,0,0,0,3.04,2.39
"06075015802","Census Tract 158.02, San Francisco County, California","ca","140","00",,,,"06","075",,,"015802",,,,,,,,,,,,,,".",".",,,,,,,,,,,,,,"1400000US06075015802","Census Tract 158.02",,,,3163,2839,1562,248,0,545,0,51,433,324,71,0,0,0,0,170,83,89.76,49.38,7.84,0,17.23,0,1.61,13.69,10.24,2.24,0,0,0,0,5.37,2.62
"06075015900","Census Tract 159, San Francisco County, California","ca","140","00",,,,"06","075",,,"015900",,,,,,,,,,,,,,".",".",,,,,,,,,,,,,,"1400000US06075015900","Census Tract 159",,,,4876,4076,1650,557,0,1423,0,107,339,800,99,0,125,0,0,512,64,83.59,33.84,11.42,0,29.18,0,2.19,6.95,16.41,2.03,0,2.56,0,0,10.5,1.31
"06075016000","Census Tract 160, San Francisco County, California","ca","140","00",,,,"06","075",,,"016000",,,,,,,,,,,,,,".",".",,,,,,,,,,,,,,"1400000US06075016000","Census Tract 160",,,,2725,2319,934,119,6,915,0,6,339,406,46,0,0,0,0,271,89,85.1,34.28,4.37,0.22,33.58,0,0.22,12.44,14.9,1.69,0,0,0,0,9.94,3.27
"06075016101","Census Tract 161.01, San Francisco County, California","ca","140","00",,,,"06","075",,,"016101",,,,,,,,,,,,,,".",".",,,,,,,,,,,,,,"1400000US06075016101","Census Tract 161.01",,,,2444,2421,1017,272,0,741,0,0,391,23,12,0,0,0,0,0,11,99.06,41.61,11.13,0,30.32,0,0,16,0.94,0.49,0,0,0,0,0,0.45
"06075016102","Census Tract 161.02, San Francisco County, California","ca","140","00",,,,"06","075",,,"016102",,,,,,,,,,,,,,".",".",,,,,,,,,,,,,,"1400000US06075016102","Census Tract 161.02",,,,2798,2305,348,980,0,592,185,0,200,493,11,154,0,25,0,266,37,82.38,12.44,35.03,0,21.16,6.61,0,7.15,17.62,0.39,5.5,0,0.89,0,9.51,1.32
"06075016200","Census Tract 162, San Francisco County, California","ca","140","00",,,,"06","075",,,"016200",,,,,,,,,,,,,,".",".",,,,,,,,,,,,,,"1400000US06075016200","Census Tract 162",,,,3198,2811,1424,123,11,873,2,258,120,387,79,0,0,0,0,166,142,87.9,44.53,3.85,0.34,27.3,0.06,8.07,3.75,12.1,2.47,0,0,0,0,5.19,4.44
"06075016300","Census Tract 163, San Francisco County, California","ca","140","00",,,,"06","075",,,"016300",,,,,,,,,,,,,,".",".",,,,,,,,,,,,,,"1400000US06075016300","Census Tract 163",,,,3794,3417,2172,491,0,380,19,222,133,377,108,88,0,0,0,83,98,90.06,57.25,12.94,0,10.02,0.5,5.85,3.51,9.94,2.85,2.32,0,0,0,2.19,2.58
"06075016400","Census Tract 164, San Francisco County, California","ca","140","00",,,,"06","075",,,"016400",,,,,,,,,,,,,,".",".",,,,,,,,,,,,,,"1400000US06075016400","Census Tract 164",,,,3481,3161,2209,201,0,598,0,12,141,320,37,0,0,31,0,108,144,90.81,63.46,5.77,0,17.18,0,0.34,4.05,9.19,1.06,0,0,0.89,0,3.1,4.14
"06075016500","Census Tract 165, San Francisco County, California","ca","140","00",,,,"06","075",,,"016500",,,,,,,,,,,,,,".",".",,,,,,,,,,,,,,"1400000US06075016500","Census Tract 165",,,,5393,4666,3650,313,0,449,0,44,210,727,87,0,167,0,0,89,384,86.52,67.68,5.8,0,8.33,0,0.82,3.89,13.48,1.61,0,3.1,0,0,1.65,7.12
"06075016601","Census Tract 166.01, San Francisco County, California","ca","140","00",,,,"06","075",,,"016601",,,,,,,,,,,,,,".",".",,,,,,,,,,,,,,"1400000US06075016601","Census Tract 166.01",,,,3027,2865,2136,103,0,345,0,15,266,162,29,0,0,0,0,90,43,94.65,70.56,3.4,0,11.4,0,0.5,8.79,5.35,0.96,0,0,0,0,2.97,1.42
"06075016602","Census Tract 166.02, San Francisco County, California","ca","140","00",,,,"06","075",,,"016602",,,,,,,,,,,,,,".",".",,,,,,,,,,,,,,"1400000US06075016602","Census Tract 166.02",,,,1986,1850,1339,165,0,160,0,0,186,136,87,10,17,0,0,12,10,93.15,67.42,8.31,0,8.06,0,0,9.37,6.85,4.38,0.5,0.86,0,0,0.6,0.5
"06075016700","Census Tract 167, San Francisco County, California","ca","140","00",,,,"06","075",,,"016700",,,,,,,,,,,,,,".",".",,,,,,,,,,,,,,"1400000US06075016700","Census Tract 167",,,,5092,4814,3261,130,0,877,0,56,490,278,38,0,0,0,0,94,146,94.54,64.04,2.55,0,17.22,0,1.1,9.62,5.46,0.75,0,0,0,0,1.85,2.87
"06075016801","Census Tract 168.01, San Francisco County, California","ca","140","00",,,,"06","075",,,"016801",,,,,,,,,,,,,,".",".",,,,,,,,,,,,,,"1400000US06075016801","Census Tract 168.01",,,,4013,3150,1735,225,5,811,55,20,299,863,353,11,0,0,0,301,198,78.49,43.23,5.61,0.12,20.21,1.37,0.5,7.45,21.51,8.8,0.27,0,0,0,7.5,4.93
"06075016802","Census Tract 168.02, San Francisco County, California","ca","140","00",,,,"06","075",,,"016802",,,,,,,,,,,,,,".",".",,,,,,,,,,,,,,"1400000US06075016802","Census Tract 168.02",,,,3754,3408,1881,295,0,810,86,17,319,346,51,36,0,0,0,85,174,90.78,50.11,7.86,0,21.58,2.29,0.45,8.5,9.22,1.36,0.96,0,0,0,2.26,4.64
"06075016900","Census Tract 169, San Francisco County, California","ca","140","00",,,,"06","075",,,"016900",,,,,,,,,,,,,,".",".",,,,,,,,,,,,,,"1400000US06075016900","Census Tract 169",,,,2890,2660,1946,44,20,395,18,50,187,230,53,0,33,0,0,74,70,92.04,67.34,1.52,0.69,13.67,0.62,1.73,6.47,7.96,1.83,0,1.14,0,0,2.56,2.42
"06075017000","Census Tract 170, San Francisco County, California","ca","140","00",,,,"06","075",,,"017000",,,,,,,,,,,,,,".",".",,,,,,,,,,,,,,"1400000US06075017000","Census Tract 170",,,,4016,3678,2808,87,0,511,0,0,272,338,120,22,0,0,0,16,180,91.58,69.92,2.17,0,12.72,0,0,6.77,8.42,2.99,0.55,0,0,0,0.4,4.48
"06075017101","Census Tract 171.01, San Francisco County, California","ca","140","00",,,,"06","075",,,"017101",,,,,,,,,,,,,,".",".",,,,,,,,,,,,,,"1400000US06075017101","Census Tract 171.01",,,,4125,3908,2782,32,0,599,0,15,480,217,51,0,16,0,0,0,150,94.74,67.44,0.78,0,14.52,0,0.36,11.64,5.26,1.24,0,0.39,0,0,0,3.64
"06075017102","Census Tract 171.02, San Francisco County, California","ca","140","00",,,,"06","075",,,"017102",,,,,,,,,,,,,,".",".",,,,,,,,,,,,,,"1400000US06075017102","Census Tract 171.02",,,,3550,3056,2544,42,6,273,0,19,172,494,171,11,9,53,0,125,125,86.08,71.66,1.18,0.17,7.69,0,0.54,4.85,13.92,4.82,0.31,0.25,1.49,0,3.52,3.52
"06075017602","Census Tract 176.02, San Francisco County, California","ca","140","00",,,,"06","075",,,"017602",,,,,,,,,,,,,,".",".",,,,,,,,,,,,,,"1400000US06075017602","Census Tract 176.02",,,,3251,3017,760,680,4,1267,0,81,225,234,13,0,52,0,0,55,114,92.8,23.38,20.92,0.12,38.97,0,2.49,6.92,7.2,0.4,0,1.6,0,0,1.69,3.51
"06075017603","Census Tract 176.03, San Francisco County, California","ca","140","00",,,,"06","075",,,"017603",,,,,,,,,,,,,,".",".",,,,,,,,,,,,,,"1400000US06075017603","Census Tract 176.03",,,,4527,3903,1460,423,0,1674,108,0,238,624,174,0,285,0,0,129,36,86.22,32.25,9.34,0,36.98,2.39,0,5.26,13.78,3.84,0,6.3,0,0,2.85,0.8
"06075017604","Census Tract 176.04, San Francisco County, California","ca","140","00",,,,"06","075",,,"017604",,,,,,,,,,,,,,".",".",,,,,,,,,,,,,,"1400000US06075017604","Census Tract 176.04",,,,3720,2791,918,523,12,1163,61,27,87,929,70,0,0,0,0,802,57,75.03,24.68,14.06,0.32,31.26,1.64,0.73,2.34,24.97,1.88,0,0,0,0,21.56,1.53
"06075017700","Census Tract 177, San Francisco County, California","ca","140","00",,,,"06","075",,,"017700",,,,,,,,,,,,,,".",".",,,,,,,,,,,,,,"1400000US06075017700","Census Tract 177",,,,2360,1680,1005,21,0,559,0,0,95,680,235,0,52,0,0,287,106,71.19,42.58,0.89,0,23.69,0,0,4.03,28.81,9.96,0,2.2,0,0,12.16,4.49
"06075017801","Census Tract 178.01, San Francisco County, California","ca","140","00",,,,"06","075",,,"017801",,,,,,,,,,,,,,".",".",,,,,,,,,,,,,,"1400000US06075017801","Census Tract 178.01",,,,3335,2963,533,23,23,2289,0,67,28,372,255,0,0,0,0,32,85,88.85,15.98,0.69,0.69,68.64,0,2.01,0.84,11.15,7.65,0,0,0,0,0.96,2.55
"06075017803","Census Tract 178.03, San Francisco County, California","ca","140","00",,,,"06","075",,,"017803",,,,,,,,,,,,,,".",".",,,,,,,,,,,,,,"1400000US06075017803","Census Tract 178.03",,,,2318,2148,733,226,0,1036,6,24,123,170,51,0,0,0,0,71,48,92.67,31.62,9.75,0,44.69,0.26,1.04,5.31,7.33,2.2,0,0,0,0,3.06,2.07
"06075017804","Census Tract 178.04, San Francisco County, California","ca","140","00",,,,"06","075",,,"017804",,,,,,,,,,,,,,".",".",,,,,,,,,,,,,,"1400000US06075017804","Census Tract 178.04",,,,3911,3328,1153,347,22,1666,0,0,140,583,79,0,0,0,0,307,197,85.09,29.48,8.87,0.56,42.6,0,0,3.58,14.91,2.02,0,0,0,0,7.85,5.04
"06075017903","Census Tract 179.03, San Francisco County, California","ca","140","00",,,,"06","075",,,"017903",,,,,,,,,,,,,,".",".",,,,,,,,,,,,,,"1400000US06075017903","Census Tract 179.03",,,,2829,1934,838,556,6,203,23,3,305,895,171,14,29,0,0,416,265,68.36,29.62,19.65,0.21,7.18,0.81,0.11,10.78,31.64,6.04,0.49,1.03,0,0,14.7,9.37
"06075018000","Census Tract 180, San Francisco County, California","ca","140","00",,,,"06","075",,,"018000",,,,,,,,,,,,,,".",".",,,,,,,,,,,,,,"1400000US06075018000","Census Tract 180",,,,3636,2499,1122,249,31,911,28,25,133,1137,291,4,0,0,0,272,570,68.73,30.86,6.85,0.85,25.06,0.77,0.69,3.66,31.27,8,0.11,0,0,0,7.48,15.68
"06075020101","Census Tract 201.01, San Francisco County, California","ca","140","00",,,,"06","075",,,"020101",,,,,,,,,,,,,,".",".",,,,,,,,,,,,,,"1400000US06075020101","Census Tract 201.01",,,,4221,2819,1397,335,15,782,0,10,280,1402,43,0,54,0,0,673,632,66.79,33.1,7.94,0.36,18.53,0,0.24,6.63,33.21,1.02,0,1.28,0,0,15.94,14.97
"06075020102","Census Tract 201.02, San Francisco County, California","ca","140","00",,,,"06","075",,,"020102",,,,,,,,,,,,,,".",".",,,,,,,,,,,,,,"1400000US06075020102","Census Tract 201.02",,,,3627,2327,999,376,42,800,0,24,86,1300,83,0,0,0,0,683,534,64.16,27.54,10.37,1.16,22.06,0,0.66,2.37,35.84,2.29,0,0,0,0,18.83,14.72
"06075020201","Census Tract 202.01, San Francisco County, California","ca","140","00",,,,"06","075",,,"020201",,,,,,,,,,,,,,".",".",,,,,,,,,,,,,,"1400000US06075020201","Census Tract 202.01",,,,1847,1257,852,122,16,262,0,0,5,590,42,0,10,0,0,418,120,68.06,46.13,6.61,0.87,14.19,0,0,0.27,31.94,2.27,0,0.54,0,0,22.63,6.5
"06075020202","Census Tract 202.02, San Francisco County, California","ca","140","00",,,,"06","075",,,"020202",,,,,,,,,,,,,,".",".",,,,,,,,,,,,,,"1400000US06075020202","Census Tract 202.02",,,,3929,3231,1798,263,0,640,0,78,452,698,122,43,212,0,0,122,199,82.23,45.76,6.69,0,16.29,0,1.99,11.5,17.77,3.11,1.09,5.4,0,0,3.11,5.06
"06075020300","Census Tract 203, San Francisco County, California","ca","140","00",,,,"06","075",,,"020300",,,,,,,,,,,,,,".",".",,,,,,,,,,,,,,"1400000US06075020300","Census Tract 203",,,,3372,3015,2082,62,0,545,0,33,293,357,28,0,27,0,0,175,127,89.41,61.74,1.84,0,16.16,0,0.98,8.69,10.59,0.83,0,0.8,0,0,5.19,3.77
"06075020401","Census Tract 204.01, San Francisco County, California","ca","140","00",,,,"06","075",,,"020401",,,,,,,,,,,,,,".",".",,,,,,,,,,,,,,"1400000US06075020401","Census Tract 204.01",,,,3409,2975,2118,52,60,449,13,0,283,434,160,0,0,0,0,20,254,87.27,62.13,1.53,1.76,13.17,0.38,0,8.3,12.73,4.69,0,0,0,0,0.59,7.45
"06075020402","Census Tract 204.02, San Francisco County, California","ca","140","00",,,,"06","075",,,"020402",,,,,,,,,,,,,,".",".",,,,,,,,,,,,,,"1400000US06075020402","Census Tract 204.02",,,,4083,3462,2525,75,0,668,0,16,178,621,156,0,8,0,0,133,324,84.79,61.84,1.84,0,16.36,0,0.39,4.36,15.21,3.82,0,0.2,0,0,3.26,7.94
"06075020500","Census Tract 205, San Francisco County, California","ca","140","00",,,,"06","075",,,"020500",,,,,,,,,,,,,,".",".",,,,,,,,,,,,,,"1400000US06075020500","Census Tract 205",,,,2895,2662,2112,74,10,284,0,0,182,233,117,0,0,14,0,75,27,91.95,72.95,2.56,0.35,9.81,0,0,6.29,8.05,4.04,0,0,0.48,0,2.59,0.93
"06075020601","Census Tract 206.01, San Francisco County, California","ca","140","00",,,,"06","075",,,"020601",,,,,,,,,,,,,,".",".",,,,,,,,,,,,,,"1400000US06075020601","Census Tract 206.01",,,,3073,2707,1859,118,0,541,0,0,189,366,42,0,0,0,0,192,132,88.09,60.49,3.84,0,17.6,0,0,6.15,11.91,1.37,0,0,0,0,6.25,4.3
"06075020602","Census Tract 206.02, San Francisco County, California","ca","140","00",,,,"06","075",,,"020602",,,,,,,,,,,,,,".",".",,,,,,,,,,,,,,"1400000US06075020602","Census Tract 206.02",,,,2369,2149,1672,115,0,202,40,0,120,220,66,0,0,19,0,92,43,90.71,70.58,4.85,0,8.53,1.69,0,5.07,9.29,2.79,0,0,0.8,0,3.88,1.82
"06075020701","Census Tract 207.01, San Francisco County, California","ca","140","00",,,,"06","075",,,"020701",,,,,,,,,,,,,,".",".",,,,,,,,,,,,,,"1400000US06075020701","Census Tract 207.01",,,,3032,2776,1854,129,0,462,0,0,331,256,74,0,0,0,0,53,129,91.56,61.15,4.25,0,15.24,0,0,10.92,8.44,2.44,0,0,0,0,1.75,4.25
"06075020702","Census Tract 207.02, San Francisco County, California","ca","140","00",,,,"06","075",,,"020702",,,,,,,,,,,,,,".",".",,,,,,,,,,,,,,"1400000US06075020702","Census Tract 207.02",,,,2046,1585,1162,25,0,354,0,0,44,461,159,12,7,16,12,118,137,77.47,56.79,1.22,0,17.3,0,0,2.15,22.53,7.77,0.59,0.34,0.78,0.59,5.77,6.7
"06075020801","Census Tract 208.01, San Francisco County, California","ca","140","00",,,,"06","075",,,"020801",,,,,,,,,,,,,,".",".",,,,,,,,,,,,,,"1400000US06075020801","Census Tract 208.01",,,,3732,1991,1031,177,18,517,0,25,223,1741,61,0,11,0,0,903,766,53.35,27.63,4.74,0.48,13.85,0,0.67,5.98,46.65,1.63,0,0.29,0,0,24.2,20.53
"06075020802","Census Tract 208.02, San Francisco County, California","ca","140","00",,,,"06","075",,,"020802",,,,,,,,,,,,,,".",".",,,,,,,,,,,,,,"1400000US06075020802","Census Tract 208.02",,,,2274,1320,644,64,0,507,0,0,105,954,75,0,7,0,0,740,132,58.05,28.32,2.81,0,22.3,0,0,4.62,41.95,3.3,0,0.31,0,0,32.54,5.8
"06075020900","Census Tract 209, San Francisco County, California","ca","140","00",,,,"06","075",,,"020900",,,,,,,,,,,,,,".",".",,,,,,,,,,,,,,"1400000US06075020900","Census Tract 209",,,,3644,2163,1212,61,0,662,0,16,212,1481,112,0,26,0,0,1005,338,59.36,33.26,1.67,0,18.17,0,0.44,5.82,40.64,3.07,0,0.71,0,0,27.58,9.28
"06075021000","Census Tract 210, San Francisco County, California","ca","140","00",,,,"06","075",,,"021000",,,,,,,,,,,,,,".",".",,,,,,,,,,,,,,"1400000US06075021000","Census Tract 210",,,,3739,3116,2300,30,0,571,0,9,206,623,72,0,37,173,0,220,121,83.34,61.51,0.8,0,15.27,0,0.24,5.51,16.66,1.93,0,0.99,4.63,0,5.88,3.24
"06075021100","Census Tract 211, San Francisco County, California","ca","140","00",,,,"06","075",,,"021100",,,,,,,,,,,,,,".",".",,,,,,,,,,,,,,"1400000US06075021100","Census Tract 211",,,,4054,3761,2708,0,0,666,0,11,376,293,107,13,0,19,0,87,67,92.77,66.8,0,0,16.43,0,0.27,9.27,7.23,2.64,0.32,0,0.47,0,2.15,1.65
"06075021200","Census Tract 212, San Francisco County, California","ca","140","00",,,,"06","075",,,"021200",,,,,,,,,,,,,,".",".",,,,,,,,,,,,,,"1400000US06075021200","Census Tract 212",,,,3052,2664,1727,6,0,335,0,1,595,388,93,1,28,6,0,28,232,87.29,56.59,0.2,0,10.98,0,0.03,19.5,12.71,3.05,0.03,0.92,0.2,0,0.92,7.6
"06075021300","Census Tract 213, San Francisco County, California","ca","140","00",,,,"06","075",,,"021300",,,,,,,,,,,,,,".",".",,,,,,,,,,,,,,"1400000US06075021300","Census Tract 213",,,,2948,2679,1976,142,6,255,0,0,300,269,103,0,55,0,0,10,101,90.88,67.03,4.82,0.2,8.65,0,0,10.18,9.12,3.49,0,1.87,0,0,0.34,3.43
"06075021400","Census Tract 214, San Francisco County, California","ca","140","00",,,,"06","075",,,"021400",,,,,,,,,,,,,,".",".",,,,,,,,,,,,,,"1400000US06075021400","Census Tract 214",,,,3522,3226,2439,0,0,565,0,34,188,296,35,21,10,0,0,96,134,91.6,69.25,0,0,16.04,0,0.97,5.34,8.4,0.99,0.6,0.28,0,0,2.73,3.8
"06075021500","Census Tract 215, San Francisco County, California","ca","140","00",,,,"06","075",,,"021500",,,,,,,,,,,,,,".",".",,,,,,,,,,,,,,"1400000US06075021500","Census Tract 215",,,,5341,4498,2606,85,0,1456,0,0,351,843,36,38,0,0,0,113,656,84.22,48.79,1.59,0,27.26,0,0,6.57,15.78,0.67,0.71,0,0,0,2.12,12.28
"06075021600","Census Tract 216, San Francisco County, California","ca","140","00",,,,"06","075",,,"021600",,,,,,,,,,,,,,".",".",,,,,,,,,,,,,,"1400000US06075021600","Census Tract 216",,,,4417,3879,2272,229,0,1004,21,33,320,538,72,0,0,0,0,309,157,87.82,51.44,5.18,0,22.73,0.48,0.75,7.24,12.18,1.63,0,0,0,0,7,3.55
"06075021700","Census Tract 217, San Francisco County, California","ca","140","00",,,,"06","075",,,"021700",,,,,,,,,,,,,,".",".",,,,,,,,,,,,,,"1400000US06075021700","Census Tract 217",,,,4459,4051,2205,496,25,657,0,23,645,408,71,0,0,0,0,234,103,90.85,49.45,11.12,0.56,14.73,0,0.52,14.47,9.15,1.59,0,0,0,0,5.25,2.31
"06075021800","Census Tract 218, San Francisco County, California","ca","140","00",,,,"06","075",,,"021800",,,,,,,,,,,,,,".",".",,,,,,,,,,,,,,"1400000US06075021800","Census Tract 218",,,,3999,3454,2425,32,0,603,0,36,358,545,126,0,46,0,0,165,208,86.37,60.64,0.8,0,15.08,0,0.9,8.95,13.63,3.15,0,1.15,0,0,4.13,5.2
"06075022600","Census Tract 226, San Francisco County, California","ca","140","00",,,,"06","075",,,"022600",,,,,,,,,,,,,,".",".",,,,,,,,,,,,,,"1400000US06075022600","Census Tract 226",,,,4210,3707,1809,109,0,1424,0,48,317,503,153,0,0,0,0,213,137,88.05,42.97,2.59,0,33.82,0,1.14,7.53,11.95,3.63,0,0,0,0,5.06,3.25
"06075022702","Census Tract 227.02, San Francisco County, California","ca","140","00",,,,"06","075",,,"022702",,,,,,,,,,,,,,".",".",,,,,,,,,,,,,,"1400000US06075022702","Census Tract 227.02",,,,2017,1711,1024,1,1,462,0,59,164,306,120,0,0,0,0,69,117,84.83,50.77,0.05,0.05,22.91,0,2.93,8.13,15.17,5.95,0,0,0,0,3.42,5.8
"06075022704","Census Tract 227.04, San Francisco County, California","ca","140","00",,,,"06","075",,,"022704",,,,,,,,,,,,,,".",".",,,,,,,,,,,,,,"1400000US06075022704","Census Tract 227.04",,,,3982,3452,1977,125,0,885,0,27,438,530,38,0,0,0,0,333,159,86.69,49.65,3.14,0,22.23,0,0.68,11,13.31,0.95,0,0,0,0,8.36,3.99
"06075022801","Census Tract 228.01, San Francisco County, California","ca","140","00",,,,"06","075",,,"022801",,,,,,,,,,,,,,".",".",,,,,,,,,,,,,,"1400000US06075022801","Census Tract 228.01",,,,4755,3426,1767,709,0,660,23,119,148,1329,316,0,372,24,0,491,126,72.05,37.16,14.91,0,13.88,0.48,2.5,3.11,27.95,6.65,0,7.82,0.5,0,10.33,2.65
"06075022802","Census Tract 228.02, San Francisco County, California","ca","140","00",,,,"06","075",,,"022802",,,,,,,,,,,,,,".",".",,,,,,,,,,,,,,"1400000US06075022802","Census Tract 228.02",,,,2236,1616,1005,92,0,423,1,0,95,620,33,1,10,0,25,247,304,72.27,44.95,4.11,0,18.92,0.04,0,4.25,27.73,1.48,0.04,0.45,0,1.12,11.05,13.6
"06075022803","Census Tract 228.03, San Francisco County, California","ca","140","00",,,,"06","075",,,"022803",,,,,,,,,,,,,,".",".",,,,,,,,,,,,,,"1400000US06075022803","Census Tract 228.03",,,,4098,2458,1341,126,0,634,0,167,190,1640,159,0,0,0,0,1147,334,59.98,32.72,3.07,0,15.47,0,4.08,4.64,40.02,3.88,0,0,0,0,27.99,8.15
"06075022901","Census Tract 229.01, San Francisco County, California","ca","140","00",,,,"06","075",,,"022901",,,,,,,,,,,,,,".",".",,,,,,,,,,,,,,"1400000US06075022901","Census Tract 229.01",,,,4197,1617,1093,77,0,310,0,67,70,2580,300,0,210,0,0,1259,811,38.53,26.04,1.83,0,7.39,0,1.6,1.67,61.47,7.15,0,5,0,0,30,19.32
"06075022902","Census Tract 229.02, San Francisco County, California","ca","140","00",,,,"06","075",,,"022902",,,,,,,,,,,,,,".",".",,,,,,,,,,,,,,"1400000US06075022902","Census Tract 229.02",,,,2019,1278,653,34,19,422,0,24,126,741,165,0,0,0,0,386,190,63.3,32.34,1.68,0.94,20.9,0,1.19,6.24,36.7,8.17,0,0,0,0,19.12,9.41
"06075022903","Census Tract 229.03, San Francisco County, California","ca","140","00",,,,"06","075",,,"022903",,,,,,,,,,,,,,".",".",,,,,,,,,,,,,,"1400000US06075022903","Census Tract 229.03",,,,2675,1786,1092,57,64,302,0,16,255,889,239,0,0,0,0,326,324,66.77,40.82,2.13,2.39,11.29,0,0.6,9.53,33.23,8.93,0,0,0,0,12.19,12.11
"06075023001","Census Tract 230.01, San Francisco County, California","ca","140","00",,,,"06","075",,,"023001",,,,,,,,,,,,,,".",".",,,,,,,,,,,,,,"1400000US06075023001","Census Tract 230.01",,,,5576,4614,446,594,0,3446,0,0,128,962,83,0,105,0,0,586,188,82.75,8,10.65,0,61.8,0,0,2.3,17.25,1.49,0,1.88,0,0,10.51,3.37
"06075023003","Census Tract 230.03, San Francisco County, California","ca","140","00",,,,"06","075",,,"023003",,,,,,,,,,,,,,".",".",,,,,,,,,,,,,,"1400000US06075023003","Census Tract 230.03",,,,4025,3290,418,500,0,2175,27,0,170,735,13,0,0,0,0,520,202,81.74,10.39,12.42,0,54.04,0.67,0,4.22,18.26,0.32,0,0,0,0,12.92,5.02
"06075023102","Census Tract 231.02, San Francisco County, California","ca","140","00",,,,"06","075",,,"023102",,,,,,,,,,,,,,".",".",,,,,,,,,,,,,,"1400000US06075023102","Census Tract 231.02",,,,3411,2388,79,1513,0,280,0,0,516,1023,81,283,0,0,0,632,27,70.01,2.32,44.36,0,8.21,0,0,15.13,29.99,2.37,8.3,0,0,0,18.53,0.79
"06075023103","Census Tract 231.03, San Francisco County, California","ca","140","00",,,,"06","075",,,"023103",,,,,,,,,,,,,,".",".",,,,,,,,,,,,,,"1400000US06075023103","Census Tract 231.03",,,,4512,3600,0,2513,0,484,419,0,184,912,0,63,41,32,126,529,121,79.79,0,55.7,0,10.73,9.29,0,4.08,20.21,0,1.4,0.91,0.71,2.79,11.72,2.68
"06075023200","Census Tract 232, San Francisco County, California","ca","140","00",,,,"06","075",,,"023200",,,,,,,,,,,,,,".",".",,,,,,,,,,,,,,"1400000US06075023200","Census Tract 232",,,,4214,2958,322,1270,0,1258,8,0,100,1256,612,0,16,2,0,549,77,70.19,7.64,30.14,0,29.85,0.19,0,2.37,29.81,14.52,0,0.38,0.05,0,13.03,1.83
"06075023300","Census Tract 233, San Francisco County, California","ca","140","00",,,,"06","075",,,"023300",,,,,,,,,,,,,,".",".",,,,,,,,,,,,,,"1400000US06075023300","Census Tract 233",,,,3934,3012,296,453,0,2110,0,0,153,922,156,0,0,13,0,682,71,76.56,7.52,11.51,0,53.63,0,0,3.89,23.44,3.97,0,0,0.33,0,17.34,1.8
"06075023400","Census Tract 234, San Francisco County, California","ca","140","00",,,,"06","075",,,"023400",,,,,,,,,,,,,,".",".",,,,,,,,,,,,,,"1400000US06075023400","Census Tract 234",,,,3811,2632,341,938,6,1064,8,0,275,1179,123,0,0,93,0,606,357,69.06,8.95,24.61,0.16,27.92,0.21,0,7.22,30.94,3.23,0,0,2.44,0,15.9,9.37
"06075025100","Census Tract 251, San Francisco County, California","ca","140","00",,,,"06","075",,,"025100",,,,,,,,,,,,,,".",".",,,,,,,,,,,,,,"1400000US06075025100","Census Tract 251",,,,3342,2560,1793,60,25,522,0,6,154,782,286,0,0,14,16,190,276,76.6,53.65,1.8,0.75,15.62,0,0.18,4.61,23.4,8.56,0,0,0.42,0.48,5.69,8.26
"06075025200","Census Tract 252, San Francisco County, California","ca","140","00",,,,"06","075",,,"025200",,,,,,,,,,,,,,".",".",,,,,,,,,,,,,,"1400000US06075025200","Census Tract 252",,,,5610,4146,2916,54,0,668,0,0,508,1464,51,0,0,0,0,685,728,73.9,51.98,0.96,0,11.91,0,0,9.06,26.1,0.91,0,0,0,0,12.21,12.98
"06075025300","Census Tract 253, San Francisco County, California","ca","140","00",,,,"06","075",,,"025300",,,,,,,,,,,,,,".",".",,,,,,,,,,,,,,"1400000US06075025300","Census Tract 253",,,,4218,2746,1851,66,8,475,0,9,337,1472,94,0,10,0,0,1198,170,65.1,43.88,1.56,0.19,11.26,0,0.21,7.99,34.9,2.23,0,0.24,0,0,28.4,4.03
"06075025401","Census Tract 254.01, San Francisco County, California","ca","140","00",,,,"06","075",,,"025401",,,,,,,,,,,,,,".",".",,,,,,,,,,,,,,"1400000US06075025401","Census Tract 254.01",,,,3706,2799,1695,153,0,216,0,27,708,907,446,0,10,0,0,277,174,75.53,45.74,4.13,0,5.83,0,0.73,19.1,24.47,12.03,0,0.27,0,0,7.47,4.7
"06075025402","Census Tract 254.02, San Francisco County, California","ca","140","00",,,,"06","075",,,"025402",,,,,,,,,,,,,,".",".",,,,,,,,,,,,,,"1400000US06075025402","Census Tract 254.02",,,,3163,1934,1069,219,0,438,0,17,191,1229,74,12,0,84,0,1003,56,61.14,33.8,6.92,0,13.85,0,0.54,6.04,38.86,2.34,0.38,0,2.66,0,31.71,1.77
"06075025403","Census Tract 254.03, San Francisco County, California","ca","140","00",,,,"06","075",,,"025403",,,,,,,,,,,,,,".",".",,,,,,,,,,,,,,"1400000US06075025403","Census Tract 254.03",,,,4686,2369,878,202,16,1100,0,8,165,2317,184,0,12,0,0,1000,1121,50.55,18.74,4.31,0.34,23.47,0,0.17,3.52,49.45,3.93,0,0.26,0,0,21.34,23.92
"06075025501","Census Tract 255.01, San Francisco County, California","ca","140","00",,,,"06","075",,,"025501",,,,,,,,,,,,,,".",".",,,,,,,,,,,,,,"1400000US06075025501","Census Tract 255.01",,,,4073,2685,572,88,34,1592,0,188,211,1388,91,0,0,0,0,1049,248,65.92,14.04,2.16,0.83,39.09,0,4.62,5.18,34.08,2.23,0,0,0,0,25.75,6.09
"06075025502","Census Tract 255.02, San Francisco County, California","ca","140","00",,,,"06","075",,,"025502",,,,,,,,,,,,,,".",".",,,,,,,,,,,,,,"1400000US06075025502","Census Tract 255.02",,,,3451,2846,1139,39,10,1464,41,0,153,605,21,0,0,0,0,429,155,82.47,33,1.13,0.29,42.42,1.19,0,4.43,17.53,0.61,0,0,0,0,12.43,4.49
"06075025600","Census Tract 256, San Francisco County, California","ca","140","00",,,,"06","075",,,"025600",,,,,,,,,,,,,,".",".",,,,,,,,,,,,,,"1400000US06075025600","Census Tract 256",,,,5290,3992,908,32,0,2872,36,14,130,1298,357,37,0,87,0,703,114,75.46,17.16,0.6,0,54.29,0.68,0.26,2.46,24.54,6.75,0.7,0,1.64,0,13.29,2.16
"06075025701","Census Tract 257.01, San Francisco County, California","ca","140","00",,,,"06","075",,,"025701",,,,,,,,,,,,,,".",".",,,,,,,,,,,,,,"1400000US06075025701","Census Tract 257.01",,,,5047,4065,450,110,0,3383,0,22,100,982,195,0,21,0,0,694,72,80.54,8.92,2.18,0,67.03,0,0.44,1.98,19.46,3.86,0,0.42,0,0,13.75,1.43
"06075025702","Census Tract 257.02, San Francisco County, California","ca","140","00",,,,"06","075",,,"025702",,,,,,,,,,,,,,".",".",,,,,,,,,,,,,,"1400000US06075025702","Census Tract 257.02",,,,4601,3565,374,2,0,3002,0,42,145,1036,827,50,0,9,0,62,88,77.48,8.13,0.04,0,65.25,0,0.91,3.15,22.52,17.97,1.09,0,0.2,0,1.35,1.91
"06075025800","Census Tract 258, San Francisco County, California","ca","140","00",,,,"06","075",,,"025800",,,,,,,,,,,,,,".",".",,,,,,,,,,,,,,"1400000US06075025800","Census Tract 258",,,,1776,1613,192,118,0,1213,0,16,74,163,36,9,0,0,0,42,76,90.82,10.81,6.64,0,68.3,0,0.9,4.17,9.18,2.03,0.51,0,0,0,2.36,4.28
"06075025900","Census Tract 259, San Francisco County, California","ca","140","00",,,,"06","075",,,"025900",,,,,,,,,,,,,,".",".",,,,,,,,,,,,,,"1400000US06075025900","Census Tract 259",,,,4134,3055,619,168,0,2073,0,0,195,1079,103,0,0,25,0,881,70,73.9,14.97,4.06,0,50.15,0,0,4.72,26.1,2.49,0,0,0.6,0,21.31,1.69
"06075026001","Census Tract 260.01, San Francisco County, California","ca","140","00",,,,"06","075",,,"026001",,,,,,,,,,,,,,".",".",,,,,,,,,,,,,,"1400000US06075026001","Census Tract 260.01",,,,6010,3807,805,51,0,2681,22,136,112,2203,367,181,134,27,0,1070,424,63.34,13.39,0.85,0,44.61,0.37,2.26,1.86,36.66,6.11,3.01,2.23,0.45,0,17.8,7.05
"06075026002","Census Tract 260.02, San Francisco County, California","ca","140","00",,,,"06","075",,,"026002",,,,,,,,,,,,,,".",".",,,,,,,,,,,,,,"1400000US06075026002","Census Tract 260.02",,,,3731,2797,1117,161,44,1332,0,0,143,934,107,37,14,0,0,530,246,74.97,29.94,4.32,1.18,35.7,0,0,3.83,25.03,2.87,0.99,0.38,0,0,14.21,6.59
"06075026003","Census Tract 260.03, San Francisco County, California","ca","140","00",,,,"06","075",,,"026003",,,,,,,,,,,,,,".",".",,,,,,,,,,,,,,"1400000US06075026003","Census Tract 260.03",,,,4873,2847,610,72,0,2002,0,0,163,2026,468,13,58,0,0,1169,318,58.42,12.52,1.48,0,41.08,0,0,3.34,41.58,9.6,0.27,1.19,0,0,23.99,6.53
"06075026004","Census Tract 260.04, San Francisco County, California","ca","140","00",,,,"06","075",,,"026004",,,,,,,,,,,,,,".",".",,,,,,,,,,,,,,"1400000US06075026004","Census Tract 260.04",,,,3924,2543,703,38,0,1620,82,0,100,1381,118,371,78,0,0,405,409,64.81,17.92,0.97,0,41.28,2.09,0,2.55,35.19,3.01,9.45,1.99,0,0,10.32,10.42
"06075026100","Census Tract 261, San Francisco County, California","ca","140","00",,,,"06","075",,,"026100",,,,,,,,,,,,,,".",".",,,,,,,,,,,,,,"1400000US06075026100","Census Tract 261",,,,6601,5133,493,19,0,4414,0,0,207,1468,188,136,166,112,25,589,252,77.76,7.47,0.29,0,66.87,0,0,3.14,22.24,2.85,2.06,2.51,1.7,0.38,8.92,3.82
"06075026201","Census Tract 262.01, San Francisco County, California","ca","140","00",,,,"06","075",,,"026201",,,,,,,,,,,,,,".",".",,,,,,,,,,,,,,"1400000US06075026201","Census Tract 262.01",,,,3928,3193,164,7,0,2876,0,90,56,735,43,1,0,0,0,625,66,81.29,4.18,0.18,0,73.22,0,2.29,1.43,18.71,1.09,0.03,0,0,0,15.91,1.68
"06075026202","Census Tract 262.02, San Francisco County, California","ca","140","00",,,,"06","075",,,"026202",,,,,,,,,,,,,,".",".",,,,,,,,,,,,,,"1400000US06075026202","Census Tract 262.02",,,,3664,2769,343,35,0,2387,4,0,0,895,327,8,65,65,0,213,217,75.57,9.36,0.96,0,65.15,0.11,0,0,24.43,8.92,0.22,1.77,1.77,0,5.81,5.92
"06075026301","Census Tract 263.01, San Francisco County, California","ca","140","00",,,,"06","075",,,"026301",,,,,,,,,,,,,,".",".",,,,,,,,,,,,,,"1400000US06075026301","Census Tract 263.01",,,,4955,3857,494,42,0,3123,56,51,91,1098,159,0,0,39,0,692,208,77.84,9.97,0.85,0,63.03,1.13,1.03,1.84,22.16,3.21,0,0,0.79,0,13.97,4.2
"06075026302","Census Tract 263.02, San Francisco County, California","ca","140","00",,,,"06","075",,,"026302",,,,,,,,,,,,,,".",".",,,,,,,,,,,,,,"1400000US06075026302","Census Tract 263.02",,,,4707,3374,562,158,53,2515,14,30,42,1333,60,0,9,19,0,1002,243,71.68,11.94,3.36,1.13,53.43,0.3,0.64,0.89,28.32,1.27,0,0.19,0.4,0,21.29,5.16
"06075026303","Census Tract 263.03, San Francisco County, California","ca","140","00",,,,"06","075",,,"026303",,,,,,,,,,,,,,".",".",,,,,,,,,,,,,,"1400000US06075026303","Census Tract 263.03",,,,4425,3091,577,28,23,2335,20,57,51,1334,154,0,0,40,39,632,469,69.85,13.04,0.63,0.52,52.77,0.45,1.29,1.15,30.15,3.48,0,0,0.9,0.88,14.28,10.6
"06075026401","Census Tract 264.01, San Francisco County, California","ca","140","00",,,,"06","075",,,"026401",,,,,,,,,,,,,,".",".",,,,,,,,,,,,,,"1400000US06075026401","Census Tract 264.01",,,,3470,2882,157,219,0,2345,71,0,90,588,145,0,24,0,0,279,140,83.05,4.52,6.31,0,67.58,2.05,0,2.59,16.95,4.18,0,0.69,0,0,8.04,4.03
"06075026402","Census Tract 264.02, San Francisco County, California","ca","140","00",,,,"06","075",,,"026402",,,,,,,,,,,,,,".",".",,,,,,,,,,,,,,"1400000US06075026402","Census Tract 264.02",,,,4654,3822,985,287,10,2321,43,0,176,832,29,0,0,95,0,427,281,82.12,21.16,6.17,0.21,49.87,0.92,0,3.78,17.88,0.62,0,0,2.04,0,9.17,6.04
"06075026403","Census Tract 264.03, San Francisco County, California","ca","140","00",,,,"06","075",,,"026403",,,,,,,,,,,,,,".",".",,,,,,,,,,,,,,"1400000US06075026403","Census Tract 264.03",,,,3453,2823,175,12,0,2610,0,0,26,630,144,0,0,28,0,196,262,81.75,5.07,0.35,0,75.59,0,0,0.75,18.25,4.17,0,0,0.81,0,5.68,7.59
"06075026404","Census Tract 264.04, San Francisco County, California","ca","140","00",,,,"06","075",,,"026404",,,,,,,,,,,,,,".",".",,,,,,,,,,,,,,"1400000US06075026404","Census Tract 264.04",,,,2404,1755,153,206,0,1320,0,3,73,649,35,0,0,0,0,475,139,73,6.36,8.57,0,54.91,0,0.12,3.04,27,1.46,0,0,0,0,19.76,5.78
"06075030101","Census Tract 301.01, San Francisco County, California","ca","140","00",,,,"06","075",,,"030101",,,,,,,,,,,,,,".",".",,,,,,,,,,,,,,"1400000US06075030101","Census Tract 301.01",,,,4588,4132,2082,117,39,1500,14,50,330,456,103,0,0,0,0,52,301,90.06,45.38,2.55,0.85,32.69,0.31,1.09,7.19,9.94,2.24,0,0,0,0,1.13,6.56
"06075030102","Census Tract 301.02, San Francisco County, California","ca","140","00",,,,"06","075",,,"030102",,,,,,,,,,,,,,".",".",,,,,,,,,,,,,,"1400000US06075030102","Census Tract 301.02",,,,4808,4199,2337,169,0,1218,0,67,408,609,288,63,0,11,0,99,148,87.33,48.61,3.51,0,25.33,0,1.39,8.49,12.67,5.99,1.31,0,0.23,0,2.06,3.08
"06075030201","Census Tract 302.01, San Francisco County, California","ca","140","00",,,,"06","075",,,"030201",,,,,,,,,,,,,,".",".",,,,,,,,,,,,,,"1400000US06075030201","Census Tract 302.01",,,,4120,3314,1806,52,0,1229,0,11,216,806,201,0,0,0,0,474,131,80.44,43.83,1.26,0,29.83,0,0.27,5.24,19.56,4.88,0,0,0,0,11.5,3.18
"06075030202","Census Tract 302.02, San Francisco County, California","ca","140","00",,,,"06","075",,,"030202",,,,,,,,,,,,,,".",".",,,,,,,,,,,,,,"1400000US06075030202","Census Tract 302.02",,,,4017,3551,1863,78,0,1266,0,15,329,466,217,0,0,0,0,156,93,88.4,46.38,1.94,0,31.52,0,0.37,8.19,11.6,5.4,0,0,0,0,3.88,2.32
"06075030301","Census Tract 303.01, San Francisco County, California","ca","140","00",,,,"06","075",,,"030301",,,,,,,,,,,,,,".",".",,,,,,,,,,,,,,"1400000US06075030301","Census Tract 303.01",,,,6509,5625,2577,97,0,2546,0,0,405,884,219,0,0,0,0,151,514,86.42,39.59,1.49,0,39.12,0,0,6.22,13.58,3.36,0,0,0,0,2.32,7.9
"06075030302","Census Tract 303.02, San Francisco County, California","ca","140","00",,,,"06","075",,,"030302",,,,,,,,,,,,,,".",".",,,,,,,,,,,,,,"1400000US06075030302","Census Tract 303.02",,,,3492,3229,1350,77,7,1458,13,52,272,263,76,11,0,11,0,132,33,92.47,38.66,2.21,0.2,41.75,0.37,1.49,7.79,7.53,2.18,0.32,0,0.32,0,3.78,0.95
"06075030400","Census Tract 304, San Francisco County, California","ca","140","00",,,,"06","075",,,"030400",,,,,,,,,,,,,,".",".",,,,,,,,,,,,,,"1400000US06075030400","Census Tract 304",,,,5120,4788,1836,103,0,2583,0,38,228,332,94,0,0,0,0,154,84,93.52,35.86,2.01,0,50.45,0,0.74,4.45,6.48,1.84,0,0,0,0,3.01,1.64
"06075030500","Census Tract 305, San Francisco County, California","ca","140","00",,,,"06","075",,,"030500",,,,,,,,,,,,,,".",".",,,,,,,,,,,,,,"1400000US06075030500","Census Tract 305",,,,3778,3142,1584,299,3,1034,0,12,210,636,98,1,0,0,0,239,298,83.17,41.93,7.91,0.08,27.37,0,0.32,5.56,16.83,2.59,0.03,0,0,0,6.33,7.89
"06075030600","Census Tract 306, San Francisco County, California","ca","140","00",,,,"06","075",,,"030600",,,,,,,,,,,,,,".",".",,,,,,,,,,,,,,"1400000US06075030600","Census Tract 306",,,,2356,2152,1173,23,0,649,0,0,307,204,90,0,0,0,0,17,97,91.34,49.79,0.98,0,27.55,0,0,13.03,8.66,3.82,0,0,0,0,0.72,4.12
"06075030700","Census Tract 307, San Francisco County, California","ca","140","00",,,,"06","075",,,"030700",,,,,,,,,,,,,,".",".",,,,,,,,,,,,,,"1400000US06075030700","Census Tract 307",,,,6600,5943,3273,75,0,2423,0,60,112,657,204,0,18,0,0,62,373,90.05,49.59,1.14,0,36.71,0,0.91,1.7,9.95,3.09,0,0.27,0,0,0.94,5.65
"06075030800","Census Tract 308, San Francisco County, California","ca","140","00",,,,"06","075",,,"030800",,,,,,,,,,,,,,".",".",,,,,,,,,,,,,,"1400000US06075030800","Census Tract 308",,,,5769,5231,3272,90,0,1507,0,0,362,538,90,0,0,12,0,11,425,90.67,56.72,1.56,0,26.12,0,0,6.27,9.33,1.56,0,0,0.21,0,0.19,7.37
"06075030900","Census Tract 309, San Francisco County, California","ca","140","00",,,,"06","075",,,"030900",,,,,,,,,,,,,,".",".",,,,,,,,,,,,,,"1400000US06075030900","Census Tract 309",,,,6425,5938,2480,40,69,2439,4,27,879,487,186,0,40,0,0,12,249,92.42,38.6,0.62,1.07,37.96,0.06,0.42,13.68,7.58,2.89,0,0.62,0,0,0.19,3.88
"06075031000","Census Tract 310, San Francisco County, California","ca","140","00",,,,"06","075",,,"031000",,,,,,,,,,,,,,".",".",,,,,,,,,,,,,,"1400000US06075031000","Census Tract 310",,,,4336,3725,1607,209,0,1432,0,280,197,611,252,0,0,50,0,230,79,85.91,37.06,4.82,0,33.03,0,6.46,4.54,14.09,5.81,0,0,1.15,0,5.3,1.82
"06075031100","Census Tract 311, San Francisco County, California","ca","140","00",,,,"06","075",,,"031100",,,,,,,,,,,,,,".",".",,,,,,,,,,,,,,"1400000US06075031100","Census Tract 311",,,,6276,5339,2440,255,0,2317,0,47,280,937,215,0,0,14,0,426,282,85.07,38.88,4.06,0,36.92,0,0.75,4.46,14.93,3.43,0,0,0.22,0,6.79,4.49
"06075031201","Census Tract 312.01, San Francisco County, California","ca","140","00",,,,"06","075",,,"031201",,,,,,,,,,,,,,".",".",,,,,,,,,,,,,,"1400000US06075031201","Census Tract 312.01",,,,5906,5297,967,240,30,3876,0,0,184,609,73,0,14,0,0,351,171,89.69,16.37,4.06,0.51,65.63,0,0,3.12,10.31,1.24,0,0.24,0,0,5.94,2.9
"06075031202","Census Tract 312.02, San Francisco County, California","ca","140","00",,,,"06","075",,,"031202",,,,,,,,,,,,,,".",".",,,,,,,,,,,,,,"1400000US06075031202","Census Tract 312.02",,,,2919,2467,233,86,0,2061,0,0,87,452,28,0,0,18,0,312,94,84.52,7.98,2.95,0,70.61,0,0,2.98,15.48,0.96,0,0,0.62,0,10.69,3.22
"06075031301","Census Tract 313.01, San Francisco County, California","ca","140","00",,,,"06","075",,,"031301",,,,,,,,,,,,,,".",".",,,,,,,,,,,,,,"1400000US06075031301","Census Tract 313.01",,,,3847,3503,668,365,0,2288,0,56,126,344,28,0,0,0,0,59,257,91.06,17.36,9.49,0,59.47,0,1.46,3.28,8.94,0.73,0,0,0,0,1.53,6.68
"06075031302","Census Tract 313.02, San Francisco County, California","ca","140","00",,,,"06","075",,,"031302",,,,,,,,,,,,,,".",".",,,,,,,,,,,,,,"1400000US06075031302","Census Tract 313.02",,,,4727,3776,431,304,0,2723,31,55,232,951,47,0,0,0,0,762,142,79.88,9.12,6.43,0,57.61,0.66,1.16,4.91,20.12,0.99,0,0,0,0,16.12,3
"06075031401","Census Tract 314.01, San Francisco County, California","ca","140","00",,,,"06","075",,,"031401",,,,,,,,,,,,,,".",".",,,,,,,,,,,,,,"1400000US06075031401","Census Tract 314.01",,,,2700,2056,248,111,0,1631,0,0,66,644,13,0,10,9,0,336,276,76.15,9.19,4.11,0,60.41,0,0,2.44,23.85,0.48,0,0.37,0.33,0,12.44,10.22
"06075031402","Census Tract 314.02, San Francisco County, California","ca","140","00",,,,"06","075",,,"031402",,,,,,,,,,,,,,".",".",,,,,,,,,,,,,,"1400000US06075031402","Census Tract 314.02",,,,4671,3304,569,589,0,2008,25,0,113,1367,11,0,0,0,0,949,407,70.73,12.18,12.61,0,42.99,0.54,0,2.42,29.27,0.24,0,0,0,0,20.32,8.71
"06075032601","Census Tract 326.01, San Francisco County, California","ca","140","00",,,,"06","075",,,"032601",,,,,,,,,,,,,,".",".",,,,,,,,,,,,,,"1400000US06075032601","Census Tract 326.01",,,,4511,3866,1515,45,0,1984,1,6,315,645,149,0,17,25,0,59,395,85.7,33.58,1,0,43.98,0.02,0.13,6.98,14.3,3.3,0,0.38,0.55,0,1.31,8.76
"06075032602","Census Tract 326.02, San Francisco County, California","ca","140","00",,,,"06","075",,,"032602",,,,,,,,,,,,,,".",".",,,,,,,,,,,,,,"1400000US06075032602","Census Tract 326.02",,,,4105,3728,1185,168,0,2076,7,5,287,377,107,0,0,21,0,64,185,90.82,28.87,4.09,0,50.57,0.17,0.12,6.99,9.18,2.61,0,0,0.51,0,1.56,4.51
"06075032700","Census Tract 327, San Francisco County, California","ca","140","00",,,,"06","075",,,"032700",,,,,,,,,,,,,,".",".",,,,,,,,,,,,,,"1400000US06075032700","Census Tract 327",,,,6729,6088,2270,16,32,3272,0,107,391,641,118,0,0,62,0,230,231,90.47,33.73,0.24,0.48,48.63,0,1.59,5.81,9.53,1.75,0,0,0.92,0,3.42,3.43
"06075032801","Census Tract 328.01, San Francisco County, California","ca","140","00",,,,"06","075",,,"032801",,,,,,,,,,,,,,".",".",,,,,,,,,,,,,,"1400000US06075032801","Census Tract 328.01",,,,3946,3733,766,5,0,2756,0,0,206,213,62,0,0,8,0,53,90,94.6,19.41,0.13,0,69.84,0,0,5.22,5.4,1.57,0,0,0.2,0,1.34,2.28
"06075032802","Census Tract 328.02, San Francisco County, California","ca","140","00",,,,"06","075",,,"032802",,,,,,,,,,,,,,".",".",,,,,,,,,,,,,,"1400000US06075032802","Census Tract 328.02",,,,4185,3861,1194,16,0,2407,162,0,82,324,0,0,0,29,0,235,60,92.26,28.53,0.38,0,57.51,3.87,0,1.96,7.74,0,0,0,0.69,0,5.62,1.43
"06075032901","Census Tract 329.01, San Francisco County, California","ca","140","00",,,,"06","075",,,"032901",,,,,,,,,,,,,,".",".",,,,,,,,,,,,,,"1400000US06075032901","Census Tract 329.01",,,,5071,4891,1039,200,0,3062,74,11,505,180,91,0,0,41,0,13,35,96.45,20.49,3.94,0,60.38,1.46,0.22,9.96,3.55,1.79,0,0,0.81,0,0.26,0.69
"06075032902","Census Tract 329.02, San Francisco County, California","ca","140","00",,,,"06","075",,,"032902",,,,,,,,,,,,,,".",".",,,,,,,,,,,,,,"1400000US06075032902","Census Tract 329.02",,,,3797,3434,777,25,0,2573,0,0,59,363,50,0,0,0,0,93,220,90.44,20.46,0.66,0,67.76,0,0,1.55,9.56,1.32,0,0,0,0,2.45,5.79
"06075033001","Census Tract 330.01, San Francisco County, California","ca","140","00",,,,"06","075",,,"033001",,,,,,,,,,,,,,".",".",,,,,,,,,,,,,,"1400000US06075033001","Census Tract 330.01",,,,3858,3666,988,74,0,2507,0,35,62,192,19,0,0,74,0,2,97,95.02,25.61,1.92,0,64.98,0,0.91,1.61,4.98,0.49,0,0,1.92,0,0.05,2.51
"06075033002","Census Tract 330.02, San Francisco County, California","ca","140","00",,,,"06","075",,,"033002",,,,,,,,,,,,,,".",".",,,,,,,,,,,,,,"1400000US06075033002","Census Tract 330.02",,,,3940,3686,1538,2,0,1838,0,12,296,254,104,1,0,38,0,55,56,93.55,39.04,0.05,0,46.65,0,0.3,7.51,6.45,2.64,0.03,0,0.96,0,1.4,1.42
"06075033100","Census Tract 331, San Francisco County, California","ca","140","00",,,,"06","075",,,"033100",,,,,,,,,,,,,,".",".",,,,,,,,,,,,,,"1400000US06075033100","Census Tract 331",,,,3866,3770,1162,56,0,2224,33,15,280,96,75,0,0,0,0,9,12,97.52,30.06,1.45,0,57.53,0.85,0.39,7.24,2.48,1.94,0,0,0,0,0.23,0.31
"06075033201","Census Tract 332.01, San Francisco County, California","ca","140","00",,,,"06","075",,,"033201",,,,,,,,,,,,,,".",".",,,,,,,,,,,,,,"1400000US06075033201","Census Tract 332.01",,,,3535,2458,910,290,0,1008,13,0,237,1077,198,42,41,27,0,551,218,69.53,25.74,8.2,0,28.51,0.37,0,6.7,30.47,5.6,1.19,1.16,0.76,0,15.59,6.17
"06075033203","Census Tract 332.03, San Francisco County, California","ca","140","00",,,,"06","075",,,"033203",,,,,,,,,,,,,,".",".",,,,,,,,,,,,,,"1400000US06075033203","Census Tract 332.03",,,,3339,2743,907,171,0,1413,0,101,151,596,111,100,38,8,0,122,217,82.15,27.16,5.12,0,42.32,0,3.02,4.52,17.85,3.32,2.99,1.14,0.24,0,3.65,6.5
"06075033204","Census Tract 332.04, San Francisco County, California","ca","140","00",,,,"06","075",,,"033204",,,,,,,,,,,,,,".",".",,,,,,,,,,,,,,"1400000US06075033204","Census Tract 332.04",,,,3327,2716,822,322,19,1338,0,42,173,611,82,0,22,15,0,252,240,81.64,24.71,9.68,0.57,40.22,0,1.26,5.2,18.36,2.46,0,0.66,0.45,0,7.57,7.21
"06075035101","Census Tract 351.01, San Francisco County, California","ca","140","00",,,,"06","075",,,"035101",,,,,,,,,,,,,,".",".",,,,,,,,,,,,,,"1400000US06075035101","Census Tract 351.01",,,,3848,3384,1675,90,0,1472,0,24,123,464,82,48,0,0,0,167,167,87.94,43.53,2.34,0,38.25,0,0.62,3.2,12.06,2.13,1.25,0,0,0,4.34,4.34
"06075035102","Census Tract 351.02, San Francisco County, California","ca","140","00",,,,"06","075",,,"035102",,,,,,,,,,,,,,".",".",,,,,,,,,,,,,,"1400000US06075035102","Census Tract 351.02",,,,3828,3586,1025,0,1,2304,99,15,142,242,38,0,0,62,0,60,82,93.68,26.78,0,0.03,60.19,2.59,0.39,3.71,6.32,0.99,0,0,1.62,0,1.57,2.14
"06075035201","Census Tract 352.01, San Francisco County, California","ca","140","00",,,,"06","075",,,"035201",,,,,,,,,,,,,,".",".",,,,,,,,,,,,,,"1400000US06075035201","Census Tract 352.01",,,,5136,4705,1455,33,0,2859,0,42,316,431,39,9,0,0,0,235,148,91.61,28.33,0.64,0,55.67,0,0.82,6.15,8.39,0.76,0.18,0,0,0,4.58,2.88
"06075035202","Census Tract 352.02, San Francisco County, California","ca","140","00",,,,"06","075",,,"035202",,,,,,,,,,,,,,".",".",,,,,,,,,,,,,,"1400000US06075035202","Census Tract 352.02",,,,4559,3851,1693,120,0,1771,66,16,185,708,71,16,0,18,0,73,530,84.47,37.14,2.63,0,38.85,1.45,0.35,4.06,15.53,1.56,0.35,0,0.39,0,1.6,11.63
"06075035300","Census Tract 353, San Francisco County, California","ca","140","00",,,,"06","075",,,"035300",,,,,,,,,,,,,,".",".",,,,,,,,,,,,,,"1400000US06075035300","Census Tract 353",,,,6922,6273,1956,8,0,4082,52,121,54,649,194,0,0,28,0,348,79,90.62,28.26,0.12,0,58.97,0.75,1.75,0.78,9.38,2.8,0,0,0.4,0,5.03,1.14
"06075035400","Census Tract 354, San Francisco County, California","ca","140","00",,,,"06","075",,,"035400",,,,,,,,,,,,,,".",".",,,,,,,,,,,,,,"1400000US06075035400","Census Tract 354",,,,7154,6652,2331,75,0,2903,0,0,1343,502,51,0,27,15,0,71,338,92.98,32.58,1.05,0,40.58,0,0,18.77,7.02,0.71,0,0.38,0.21,0,0.99,4.72
"06075040100","Census Tract 401, San Francisco County, California","ca","140","00",,,,"06","075",,,"040100",,,,,,,,,,,,,,".",".",,,,,,,,,,,,,,"1400000US06075040100","Census Tract 401",,,,4277,3690,1727,0,0,1635,0,1,327,587,64,0,0,0,0,58,465,86.28,40.38,0,0,38.23,0,0.02,7.65,13.72,1.5,0,0,0,0,1.36,10.87
"06075040200","Census Tract 402, San Francisco County, California","ca","140","00",,,,"06","075",,,"040200",,,,,,,,,,,,,,".",".",,,,,,,,,,,,,,"1400000US06075040200","Census Tract 402",,,,4903,4351,2262,112,0,1702,0,0,275,552,161,0,0,114,0,98,179,88.74,46.14,2.28,0,34.71,0,0,5.61,11.26,3.28,0,0,2.33,0,2,3.65
"06075042601","Census Tract 426.01, San Francisco County, California","ca","140","00",,,,"06","075",,,"042601",,,,,,,,,,,,,,".",".",,,,,,,,,,,,,,"1400000US06075042601","Census Tract 426.01",,,,3999,3555,1685,13,0,1433,0,29,395,444,98,0,10,8,0,112,216,88.9,42.14,0.33,0,35.83,0,0.73,9.88,11.1,2.45,0,0.25,0.2,0,2.8,5.4
"06075042602","Census Tract 426.02, San Francisco County, California","ca","140","00",,,,"06","075",,,"042602",,,,,,,,,,,,,,".",".",,,,,,,,,,,,,,"1400000US06075042602","Census Tract 426.02",,,,3060,2636,1353,22,0,1083,0,0,178,424,43,0,30,0,0,55,296,86.14,44.22,0.72,0,35.39,0,0,5.82,13.86,1.41,0,0.98,0,0,1.8,9.67
"06075042700","Census Tract 427, San Francisco County, California","ca","140","00",,,,"06","075",,,"042700",,,,,,,,,,,,,,".",".",,,,,,,,,,,,,,"1400000US06075042700","Census Tract 427",,,,5365,5085,1856,545,54,2377,7,0,246,280,148,0,0,15,0,16,101,94.78,34.59,10.16,1.01,44.31,0.13,0,4.59,5.22,2.76,0,0,0.28,0,0.3,1.88
"06075042800","Census Tract 428, San Francisco County, California","ca","140","00",,,,"06","075",,,"042800",,,,,,,,,,,,,,".",".",,,,,,,,,,,,,,"1400000US06075042800","Census Tract 428",,,,2419,2257,1373,29,0,621,0,9,225,162,70,0,0,0,0,25,67,93.3,56.76,1.2,0,25.67,0,0.37,9.3,6.7,2.89,0,0,0,0,1.03,2.77
"06075045100","Census Tract 451, San Francisco County, California","ca","140","00",,,,"06","075",,,"045100",,,,,,,,,,,,,,".",".",,,,,,,,,,,,,,"1400000US06075045100","Census Tract 451",,,,4664,4338,2602,35,46,1326,0,0,329,326,50,0,7,18,0,205,46,93.01,55.79,0.75,0.99,28.43,0,0,7.05,6.99,1.07,0,0.15,0.39,0,4.4,0.99
"06075045201","Census Tract 452.01, San Francisco County, California","ca","140","00",,,,"06","075",,,"045201",,,,,,,,,,,,,,".",".",,,,,,,,,,,,,,"1400000US06075045201","Census Tract 452.01",,,,3113,2930,1261,123,0,1334,0,83,129,183,42,0,0,0,0,25,116,94.12,40.51,3.95,0,42.85,0,2.67,4.14,5.88,1.35,0,0,0,0,0.8,3.73
"06075045202","Census Tract 452.02, San Francisco County, California","ca","140","00",,,,"06","075",,,"045202",,,,,,,,,,,,,,".",".",,,,,,,,,,,,,,"1400000US06075045202","Census Tract 452.02",,,,3304,3010,1532,14,0,1142,72,0,250,294,25,7,0,0,0,147,115,91.1,46.37,0.42,0,34.56,2.18,0,7.57,8.9,0.76,0.21,0,0,0,4.45,3.48
"06075047600","Census Tract 476, San Francisco County, California","ca","140","00",,,,"06","075",,,"047600",,,,,,,,,,,,,,".",".",,,,,,,,,,,,,,"1400000US06075047600","Census Tract 476",,,,5208,4989,1868,83,21,2581,0,3,433,219,53,33,0,0,0,77,56,95.79,35.87,1.59,0.4,49.56,0,0.06,8.31,4.21,1.02,0.63,0,0,0,1.48,1.08
"06075047701","Census Tract 477.01, San Francisco County, California","ca","140","00",,,,"06","075",,,"047701",,,,,,,,,,,,,,".",".",,,,,,,,,,,,,,"1400000US06075047701","Census Tract 477.01",,,,4742,4201,1549,0,0,2289,0,72,291,541,202,0,0,27,0,235,77,88.59,32.67,0,0,48.27,0,1.52,6.14,11.41,4.26,0,0,0.57,0,4.96,1.62
"06075047702","Census Tract 477.02, San Francisco County, California","ca","140","00",,,,"06","075",,,"047702",,,,,,,,,,,,,,".",".",,,,,,,,,,,,,,"1400000US06075047702","Census Tract 477.02",,,,3441,3267,1373,1,0,1721,0,8,164,174,40,32,0,0,0,29,73,94.94,39.9,0.03,0,50.01,0,0.23,4.77,5.06,1.16,0.93,0,0,0,0.84,2.12
"06075047801","Census Tract 478.01, San Francisco County, California","ca","140","00",,,,"06","075",,,"047801",,,,,,,,,,,,,,".",".",,,,,,,,,,,,,,"1400000US06075047801","Census Tract 478.01",,,,4227,4028,1824,35,0,1933,0,26,210,199,31,0,12,33,0,50,73,95.29,43.15,0.83,0,45.73,0,0.62,4.97,4.71,0.73,0,0.28,0.78,0,1.18,1.73
"06075047802","Census Tract 478.02, San Francisco County, California","ca","140","00",,,,"06","075",,,"047802",,,,,,,,,,,,,,".",".",,,,,,,,,,,,,,"1400000US06075047802","Census Tract 478.02",,,,3897,3392,1655,12,0,1618,0,7,100,505,230,0,0,0,0,232,43,87.04,42.47,0.31,0,41.52,0,0.18,2.57,12.96,5.9,0,0,0,0,5.95,1.1
"06075047902","Census Tract 479.02, San Francisco County, California","ca","140","00",,,,"06","075",,,"047902",,,,,,,,,,,,,,".",".",,,,,,,,,,,,,,"1400000US06075047902","Census Tract 479.02",,,,3327,2848,1347,0,0,1124,0,0,377,479,116,0,53,8,0,26,276,85.6,40.49,0,0,33.78,0,0,11.33,14.4,3.49,0,1.59,0.24,0,0.78,8.3
"06075047903","Census Tract 479.03, San Francisco County, California","ca","140","00",,,,"06","075",,,"047903",,,,,,,,,,,,,,".",".",,,,,,,,,,,,,,"1400000US06075047903","Census Tract 479.03",,,,3608,3400,1590,42,0,1580,0,0,188,208,28,0,0,13,0,20,147,94.24,44.07,1.16,0,43.79,0,0,5.21,5.76,0.78,0,0,0.36,0,0.55,4.07
"06075047904","Census Tract 479.04, San Francisco County, California","ca","140","00",,,,"06","075",,,"047904",,,,,,,,,,,,,,".",".",,,,,,,,,,,,,,"1400000US06075047904","Census Tract 479.04",,,,3175,2902,1772,94,0,650,0,164,222,273,24,0,0,0,0,112,137,91.4,55.81,2.96,0,20.47,0,5.17,6.99,8.6,0.76,0,0,0,0,3.53,4.31
"06075060100","Census Tract 601, San Francisco County, California","ca","140","00",,,,"06","075",,,"060100",,,,,,,,,,,,,,".",".",,,,,,,,,,,,,,"1400000US06075060100","Census Tract 601",,,,3808,2957,2081,35,9,206,0,15,611,851,127,0,0,0,0,179,545,77.65,54.65,0.92,0.24,5.41,0,0.39,16.05,22.35,3.34,0,0,0,0,4.7,14.31
"06075060400","Census Tract 604, San Francisco County, California","ca","140","00",,,,"06","075",,,"060400",,,,,,,,,,,,,,".",".",,,,,,,,,,,,,,"1400000US06075060400","Census Tract 604",,,,1818,1611,678,50,0,565,0,79,239,207,98,0,0,0,0,95,14,88.61,37.29,2.75,0,31.08,0,4.35,13.15,11.39,5.39,0,0,0,0,5.23,0.77
"06075060502","Census Tract 605.02, San Francisco County, California","ca","140","00",,,,"06","075",,,"060502",,,,,,,,,,,,,,".",".",,,,,,,,,,,,,,"1400000US06075060502","Census Tract 605.02",,,,3087,2126,158,381,19,1133,185,6,244,961,42,25,0,12,0,700,182,68.87,5.12,12.34,0.62,36.7,5.99,0.19,7.9,31.13,1.36,0.81,0,0.39,0,22.68,5.9
"06075060701","Census Tract 607.01, San Francisco County, California","ca","140","00",,,,"06","075",,,"060701",,,,,,,,,,,,,,".",".",,,,,,,,,,,,,,"1400000US06075060701","Census Tract 607.01",,,,8415,7776,1611,1390,0,4174,0,0,601,639,17,9,0,0,0,318,295,92.41,19.14,16.52,0,49.6,0,0,7.14,7.59,0.2,0.11,0,0,0,3.78,3.51
"06075060702","Census Tract 607.02, San Francisco County, California","ca","140","00",,,,"06","075",,,"060702",,,,,,,,,,,,,,".",".",,,,,,,,,,,,,,"1400000US06075060702","Census Tract 607.02",,,,2359,2074,406,174,0,1193,0,94,207,285,262,0,4,0,0,19,0,87.92,17.21,7.38,0,50.57,0,3.98,8.77,12.08,11.11,0,0.17,0,0,0.81,0
"06075060703","Census Tract 607.03, San Francisco County, California","ca","140","00",,,,"06","075",,,"060703",,,,,,,,,,,,,,".",".",,,,,,,,,,,,,,"1400000US06075060703","Census Tract 607.03",,,,5936,5213,2487,133,0,2146,132,101,214,723,283,0,0,0,0,270,170,87.82,41.9,2.24,0,36.15,2.22,1.7,3.61,12.18,4.77,0,0,0,0,4.55,2.86
"06075061000","Census Tract 610, San Francisco County, California","ca","140","00",,,,"06","075",,,"061000",,,,,,,,,,,,,,".",".",,,,,,,,,,,,,,"1400000US06075061000","Census Tract 610",,,,4558,3860,527,442,0,2759,21,24,87,698,300,0,0,0,0,221,177,84.69,11.56,9.7,0,60.53,0.46,0.53,1.91,15.31,6.58,0,0,0,0,4.85,3.88
"06075061101","Census Tract 611.01, San Francisco County, California","ca","140","00",,,,"06","075",,,"061101",,,,,,,,,,,,,,".",".",,,,,,,,,,,,,,"1400000US06075061101","Census Tract 611.01",,,,1814,1788,39,31,6,1641,0,0,71,26,16,0,0,0,0,0,10,98.57,2.15,1.71,0.33,90.46,0,0,3.91,1.43,0.88,0,0,0,0,0,0.55
"06075061102","Census Tract 611.02, San Francisco County, California","ca","140","00",,,,"06","075",,,"061102",,,,,,,,,,,,,,".",".",,,,,,,,,,,,,,"1400000US06075061102","Census Tract 611.02",,,,2017,1920,82,69,0,1742,0,0,27,97,0,0,0,0,0,80,17,95.19,4.07,3.42,0,86.37,0,0,1.34,4.81,0,0,0,0,0,3.97,0.84
"06075061200","Census Tract 612, San Francisco County, California","ca","140","00",,,,"06","075",,,"061200",,,,,,,,,,,,,,".",".",,,,,,,,,,,,,,"1400000US06075061200","Census Tract 612",,,,4163,2331,352,757,0,1169,0,0,53,1832,44,9,0,0,0,1592,187,55.99,8.46,18.18,0,28.08,0,0,1.27,44.01,1.06,0.22,0,0,0,38.24,4.49
"06075061401","Census Tract 614.01, San Francisco County, California","ca","140","00",,,,"06","075",,,"061401",,,,,,,,,,,,,,".",".",,,,,,,,,,,,,,"1400000US06075061401","Census Tract 614.01",,,,2900,2387,1479,54,0,451,0,137,266,513,10,0,7,0,0,173,323,82.31,51,1.86,0,15.55,0,4.72,9.17,17.69,0.34,0,0.24,0,0,5.97,11.14
"06075061402","Census Tract 614.02, San Francisco County, California","ca","140","00",,,,"06","075",,,"061402",,,,,,,,,,,,,,".",".",,,,,,,,,,,,,,"1400000US06075061402","Census Tract 614.02",,,,2354,2246,1421,93,0,585,0,0,147,108,21,0,0,0,0,60,27,95.41,60.37,3.95,0,24.85,0,0,6.24,4.59,0.89,0,0,0,0,2.55,1.15
"06075061501","Census Tract 615.01, San Francisco County, California","ca","140","00",,,,"06","075",,,"061501",,,,,,,,,,,,,,".",".",,,,,,,,,,,,,,"1400000US06075061501","Census Tract 615.01",,,,1807,1521,613,9,0,690,28,0,181,286,174,0,0,0,0,89,23,84.17,33.92,0.5,0,38.18,1.55,0,10.02,15.83,9.63,0,0,0,0,4.93,1.27
"06075061502","Census Tract 615.02, San Francisco County, California","ca","140","00",,,,"06","075",,,"061502",,,,,,,,,,,,,,".",".",,,,,,,,,,,,,,"1400000US06075061502","Census Tract 615.02",,,,2195,1970,1558,58,0,195,0,0,159,225,130,0,0,0,0,57,38,89.75,70.98,2.64,0,8.88,0,0,7.24,10.25,5.92,0,0,0,0,2.6,1.73
"06075061503","Census Tract 615.03, San Francisco County, California","ca","140","00",,,,"06","075",,,"061503",,,,,,,,,,,,,,".",".",,,,,,,,,,,,,,"1400000US06075061503","Census Tract 615.03",,,,3612,3073,1229,9,0,1813,0,0,22,539,93,0,30,0,0,267,149,85.08,34.03,0.25,0,50.19,0,0,0.61,14.92,2.57,0,0.83,0,0,7.39,4.13
"06075061504","Census Tract 615.04, San Francisco County, California","ca","140","00",,,,"06","075",,,"061504",,,,,,,,,,,,,,".",".",,,,,,,,,,,,,,"1400000US06075061504","Census Tract 615.04",,,,2133,2006,390,6,0,1501,75,0,34,127,87,9,0,0,0,31,0,94.05,18.28,0.28,0,70.37,3.52,0,1.59,5.95,4.08,0.42,0,0,0,1.45,0
"06075061505","Census Tract 615.05, San Francisco County, California","ca","140","00",,,,"06","075",,,"061505",,,,,,,,,,,,,,".",".",,,,,,,,,,,,,,"1400000US06075061505","Census Tract 615.05",,,,1162,1082,291,63,0,698,0,0,30,80,66,0,0,0,0,14,0,93.12,25.04,5.42,0,60.07,0,0,2.58,6.88,5.68,0,0,0,0,1.2,0
"06075061506","Census Tract 615.06, San Francisco County, California","ca","140","00",,,,"06","075",,,"061506",,,,,,,,,,,,,,".",".",,,,,,,,,,,,,,"1400000US06075061506","Census Tract 615.06",,,,4918,4757,1874,177,0,2444,0,0,262,161,161,0,0,0,0,0,0,96.73,38.1,3.6,0,49.69,0,0,5.33,3.27,3.27,0,0,0,0,0,0
"06075061507","Census Tract 615.07, San Francisco County, California","ca","140","00",,,,"06","075",,,"061507",,,,,,,,,,,,,,".",".",,,,,,,,,,,,,,"1400000US06075061507","Census Tract 615.07",,,,1550,1221,401,11,0,809,0,0,0,329,137,0,0,12,0,33,147,78.77,25.87,0.71,0,52.19,0,0,0,21.23,8.84,0,0,0.77,0,2.13,9.48
"06075061508","Census Tract 615.08, San Francisco County, California","ca","140","00",,,,"06","075",,,"061508",,,,,,,,,,,,,,".",".",,,,,,,,,,,,,,"1400000US06075061508","Census Tract 615.08",,,,2018,1828,861,62,10,787,17,18,73,190,0,0,0,0,0,56,134,90.58,42.67,3.07,0.5,39,0.84,0.89,3.62,9.42,0,0,0,0,0,2.78,6.64
"06075980200","Census Tract 9802, San Francisco County, California","ca","140","00",,,,"06","075",,,"980200",,,,,,,,,,,,,,".",".",,,,,,,,,,,,,,"1400000US06075980200","Census Tract 9802",,,,179,162,32,45,0,58,0,23,4,17,0,0,0,0,0,17,0,90.5,17.88,25.14,0,32.4,0,12.85,2.23,9.5,0,0,0,0,0,9.5,0
"06075980300","Census Tract 9803, San Francisco County, California","ca","140","00",,,,"06","075",,,"980300",,,,,,,,,,,,,,".",".",,,,,,,,,,,,,,"1400000US06075980300","Census Tract 9803",,,,49,42,37,0,0,0,0,0,5,7,0,0,0,0,0,0,7,85.71,75.51,0,0,0,0,0,10.2,14.29,0,0,0,0,0,0,14.29
"06075980401","Census Tract 9804.01, San Francisco County, California","ca","140","00",,,,"06","075",,,"980401",,,,,,,,,,,,,,".",".",,,,,,,,,,,,,,"1400000US06075980401","Census Tract 9804.01",,,,0,0,0,0,0,0,0,0,0,0,0,0,0,0,0,0,0,,,,,,,,,,,,,,,,
"06075980501","Census Tract 9805.01, San Francisco County, California","ca","140","00",,,,"06","075",,,"980501",,,,,,,,,,,,,,".",".",,,,,,,,,,,,,,"1400000US06075980501","Census Tract 9805.01",,,,155,155,0,0,0,155,0,0,0,0,0,0,0,0,0,0,0,100,0,0,0,100,0,0,0,0,0,0,0,0,0,0,0
"06075980600","Census Tract 9806, San Francisco County, California","ca","140","00",,,,"06","075",,,"980600",,,,,,,,,,,,,,".",".",,,,,,,,,,,,,,"1400000US06075980600","Census Tract 9806",,,,1290,1096,242,288,0,463,0,1,102,194,12,0,48,0,0,77,57,84.96,18.76,22.33,0,35.89,0,0.08,7.91,15.04,0.93,0,3.72,0,0,5.97,4.42
"06075980900","Census Tract 9809, San Francisco County, California","ca","140","00",,,,"06","075",,,"980900",,,,,,,,,,,,,,".",".",,,,,,,,,,,,,,"1400000US06075980900","Census Tract 9809",,,,322,302,32,27,0,214,0,0,29,20,3,0,0,0,0,17,0,93.79,9.94,8.39,0,66.46,0,0,9.01,6.21,0.93,0,0,0,0,5.28,0
"06075990100","Census Tract 9901, San Francisco County, California","ca","140","00",,,,"06","075",,,"990100",,,,,,,,,,,,,,".",".",,,,,,,,,,,,,,"1400000US06075990100","Census Tract 9901",,,,0,0,0,0,0,0,0,0,0,0,0,0,0,0,0,0,0,,,,,,,,,,,,,,,,
"06075990200","Census Tract 9902, San Francisco County, California","ca","140","00",,,,"06","075",,,"990200",,,,,,,,,,,,,,".",".",,,,,,,,,,,,,,"1400000US06075990200","Census Tract 9902",,,,0,0,0,0,0,0,0,0,0,0,0,0,0,0,0,0,0,,,,,,,,,,,,,,,,
